i,age,lux,cond,rent,fp,basement,floors,amount,low,high,method,rih,n_tx,leader,rule,cost_value,market_value,matched_n,disp36,geo_n,geo_disp,stratum_match,resurvey,retention,effective_age,stack_finish,stack_cost,muc,age_sens_value,income_mode,teardown_fired,luxury_new_fired,lead_note,age_honesty,divergence,elapsed_s,error
0,,False,,,,,,2400000,2400000,5400000,comparison_thin,True,15,cost,cost_led,2378094,5400000,3,0.16505882352941176,51,0.62,False,False,0.5,25,ordinary,2378094,high,,,False,False,True,True,False,11.9,
1,,False,,10000,,,,1900000,1600000,2100000,comparison_thin,,15,,,,,,,,,,,,,,,high,,income_led,False,False,False,False,False,3.89,
2,,False,,15000,,,,2800000,2400000,3100000,comparison_thin,,15,,,,,,,,,,,,,,,high,,income_led,False,False,False,False,False,5.35,
3,,False,,25000,,,,4700000,4000000,5200000,comparison_thin,,15,,,,,,,,,,,,,,,high,,income_led,False,False,False,False,False,4.0,
4,,False,new,,,,,2500000,2500000,5400000,comparison_thin,True,15,cost,cost_led,2546681,5400000,3,0.16505882352941176,51,0.62,False,False,0.66,17,ordinary,2546681,high,,,False,False,True,True,False,4.06,
5,,False,new,10000,,,,1900000,1600000,2100000,comparison_thin,,15,,,,,,,,,,,,,,,high,,income_led,False,False,False,False,False,3.86,
6,,False,new,15000,,,,2800000,2400000,3100000,comparison_thin,,15,,,,,,,,,,,,,,,high,,income_led,False,False,False,False,False,3.9,
7,,False,new,25000,,,,4700000,4000000,5200000,comparison_thin,,15,,,,,,,,,,,,,,,high,,income_led,False,False,False,False,False,4.96,
8,,False,excellent,,,,,2600000,2600000,5400000,comparison_thin,True,15,cost,cost_led,2588828,5400000,3,0.16505882352941176,51,0.62,False,False,0.7,15,ordinary,2588828,high,,,False,False,True,True,False,6.57,
9,,False,excellent,10000,,,,1900000,1600000,2100000,comparison_thin,,15,,,,,,,,,,,,,,,high,,income_led,False,False,False,False,False,7.34,
10,,False,excellent,15000,,,,2800000,2400000,3100000,comparison_thin,,15,,,,,,,,,,,,,,,high,,income_led,False,False,False,False,False,4.96,
11,,False,excellent,25000,,,,4700000,4000000,5200000,comparison_thin,,15,,,,,,,,,,,,,,,high,,income_led,False,False,False,False,False,5.34,
12,,False,renovated,,,,,2600000,2600000,5400000,comparison_thin,True,15,cost,cost_led,2609901,5400000,3,0.16505882352941176,51,0.62,False,False,0.72,14,ordinary,2609901,high,,,False,False,True,True,False,3.28,
13,,False,renovated,10000,,,,1900000,1600000,2100000,comparison_thin,,15,,,,,,,,,,,,,,,high,,income_led,False,False,False,False,False,1.9,
14,,False,renovated,15000,,,,2800000,2400000,3100000,comparison_thin,,15,,,,,,,,,,,,,,,high,,income_led,False,False,False,False,False,1.78,
15,,False,renovated,25000,,,,4700000,4000000,5200000,comparison_thin,,15,,,,,,,,,,,,,,,high,,income_led,False,False,False,False,False,1.85,
16,,False,good,,,,,2400000,2400000,5400000,comparison_thin,True,15,cost,cost_led,2441314,5400000,3,0.16505882352941176,51,0.62,False,False,0.56,22,ordinary,2441314,high,,,False,False,True,True,False,1.78,
17,,False,good,10000,,,,1900000,1600000,2100000,comparison_thin,,15,,,,,,,,,,,,,,,high,,income_led,False,False,False,False,False,1.92,
18,,False,good,15000,,,,2800000,2400000,3100000,comparison_thin,,15,,,,,,,,,,,,,,,high,,income_led,False,False,False,False,False,1.73,
19,,False,good,25000,,,,4700000,4000000,5200000,comparison_thin,,15,,,,,,,,,,,,,,,high,,income_led,False,False,False,False,False,1.71,
20,,False,average,,,,,2400000,2400000,5400000,comparison_thin,True,15,cost,cost_led,2378094,5400000,3,0.16505882352941176,51,0.62,False,False,0.5,25,ordinary,2378094,high,,,False,False,True,True,False,1.84,
21,,False,average,10000,,,,1900000,1600000,2100000,comparison_thin,,15,,,,,,,,,,,,,,,high,,income_led,False,False,False,False,False,1.82,
22,,False,average,15000,,,,2800000,2400000,3100000,comparison_thin,,15,,,,,,,,,,,,,,,high,,income_led,False,False,False,False,False,1.76,
23,,False,average,25000,,,,4700000,4000000,5200000,comparison_thin,,15,,,,,,,,,,,,,,,high,,income_led,False,False,False,False,False,1.72,
24,,False,fair,,,,,2200000,2200000,5400000,comparison_thin,True,15,cost,cost_led,2230580,5400000,3,0.16505882352941176,51,0.62,False,False,0.36,32,ordinary,2230580,high,,,False,False,True,True,False,1.73,
25,,False,fair,10000,,,,1900000,1600000,2100000,comparison_thin,,15,,,,,,,,,,,,,,,high,,income_led,False,False,False,False,False,1.72,
26,,False,fair,15000,,,,2800000,2400000,3100000,comparison_thin,,15,,,,,,,,,,,,,,,high,,income_led,False,False,False,False,False,1.73,
27,,False,fair,25000,,,,4700000,4000000,5200000,comparison_thin,,15,,,,,,,,,,,,,,,high,,income_led,False,False,False,False,False,1.7,
28,,False,poor,,,,,2100000,2100000,5400000,comparison_thin,True,15,cost,cost_led,2135750,5400000,3,0.16505882352941176,51,0.62,False,False,0.27,42,ordinary,2135750,high,,,False,False,True,True,False,1.73,
29,,False,poor,10000,,,,1900000,1600000,2100000,comparison_thin,,15,,,,,,,,,,,,,,,high,,income_led,False,False,False,False,False,1.73,
30,,False,poor,15000,,,,2800000,2400000,3100000,comparison_thin,,15,,,,,,,,,,,,,,,high,,income_led,False,False,False,False,False,1.7,
31,,False,poor,25000,,,,4700000,4000000,5200000,comparison_thin,,15,,,,,,,,,,,,,,,high,,income_led,False,False,False,False,False,1.87,
32,,False,teardown,,,,,1800000,1500000,1900000,comparison_thin,,15,,,,,,,,,,,,,,,high,,,True,False,False,False,False,1.71,
33,,False,teardown,10000,,,,1800000,1500000,1900000,comparison_thin,,15,,,,,,,,,,,,,,,high,,,True,False,False,False,False,1.75,
34,,False,teardown,15000,,,,1800000,1500000,1900000,comparison_thin,,15,,,,,,,,,,,,,,,high,,,True,False,False,False,False,1.78,
35,,False,teardown,25000,,,,1800000,1500000,1900000,comparison_thin,,15,,,,,,,,,,,,,,,high,,,True,False,False,False,False,1.73,
36,,True,,,,,,2700000,2700000,5400000,comparison_thin,True,15,cost,cost_led,2689405,5400000,3,0.16505882352941176,51,0.62,False,False,0.5,25,luxury,2689405,high,,,False,False,True,True,False,1.81,
37,,True,,10000,,,,1900000,1600000,2100000,comparison_thin,,15,,,,,,,,,,,,,,,high,,income_led,False,False,False,False,False,1.73,
38,,True,,15000,,,,2800000,2400000,3100000,comparison_thin,,15,,,,,,,,,,,,,,,high,,income_led,False,False,False,False,False,1.78,
39,,True,,25000,,,,4700000,4000000,5200000,comparison_thin,,15,,,,,,,,,,,,,,,high,,income_led,False,False,False,False,False,1.7,
40,,True,new,,,,,5100000,4300000,5500000,comparison_thin,,15,,,,,,,,,,,,,,,high,,,False,True,False,False,False,1.74,
41,,True,new,10000,,,,5100000,4300000,5500000,comparison_thin,,15,,,,,,,,,,,,,,,high,,,False,True,False,False,False,1.7,
42,,True,new,15000,,,,5100000,4300000,5500000,comparison_thin,,15,,,,,,,,,,,,,,,high,,,False,True,False,False,False,1.75,
43,,True,new,25000,,,,5100000,4300000,5500000,comparison_thin,,15,,,,,,,,,,,,,,,high,,,False,True,False,False,False,1.73,
44,,True,excellent,,,,,3000000,3000000,5400000,comparison_thin,True,15,cost,cost_led,3024663,5400000,3,0.16505882352941176,51,0.62,False,False,0.7,15,luxury,3024663,high,,,False,False,True,True,False,1.67,
45,,True,excellent,10000,,,,1900000,1600000,2100000,comparison_thin,,15,,,,,,,,,,,,,,,high,,income_led,False,False,False,False,False,1.73,
46,,True,excellent,15000,,,,2800000,2400000,3100000,comparison_thin,,15,,,,,,,,,,,,,,,high,,income_led,False,False,False,False,False,1.71,
47,,True,excellent,25000,,,,4700000,4000000,5200000,comparison_thin,,15,,,,,,,,,,,,,,,high,,income_led,False,False,False,False,False,1.72,
48,,True,renovated,,,,,3100000,3100000,5400000,comparison_thin,True,15,cost,cost_led,3058189,5400000,3,0.16505882352941176,51,0.62,False,False,0.72,14,luxury,3058189,high,,,False,False,True,True,False,1.8,
49,,True,renovated,10000,,,,1900000,1600000,2100000,comparison_thin,,15,,,,,,,,,,,,,,,high,,income_led,False,False,False,False,False,1.73,
50,,True,renovated,15000,,,,2800000,2400000,3100000,comparison_thin,,15,,,,,,,,,,,,,,,high,,income_led,False,False,False,False,False,1.78,
51,,True,renovated,25000,,,,4700000,4000000,5200000,comparison_thin,,15,,,,,,,,,,,,,,,high,,income_led,False,False,False,False,False,1.69,
52,,True,good,,,,,2800000,2800000,5400000,comparison_thin,True,15,cost,cost_led,2789982,5400000,3,0.16505882352941176,51,0.62,False,False,0.56,22,luxury,2789982,high,,,False,False,True,True,False,1.77,
53,,True,good,10000,,,,1900000,1600000,2100000,comparison_thin,,15,,,,,,,,,,,,,,,high,,income_led,False,False,False,False,False,1.77,
54,,True,good,15000,,,,2800000,2400000,3100000,comparison_thin,,15,,,,,,,,,,,,,,,high,,income_led,False,False,False,False,False,1.78,
55,,True,good,25000,,,,4700000,4000000,5200000,comparison_thin,,15,,,,,,,,,,,,,,,high,,income_led,False,False,False,False,False,1.76,
56,,True,average,,,,,2700000,2700000,5400000,comparison_thin,True,15,cost,cost_led,2689405,5400000,3,0.16505882352941176,51,0.62,False,False,0.5,25,luxury,2689405,high,,,False,False,True,True,False,1.95,
57,,True,average,10000,,,,1900000,1600000,2100000,comparison_thin,,15,,,,,,,,,,,,,,,high,,income_led,False,False,False,False,False,3.65,
58,,True,average,15000,,,,2800000,2400000,3100000,comparison_thin,,15,,,,,,,,,,,,,,,high,,income_led,False,False,False,False,False,2.19,
59,,True,average,25000,,,,4700000,4000000,5200000,comparison_thin,,15,,,,,,,,,,,,,,,high,,income_led,False,False,False,False,False,1.9,
60,,True,fair,,,,,2500000,2500000,5400000,comparison_thin,True,15,cost,cost_led,2454724,5400000,3,0.16505882352941176,51,0.62,False,False,0.36,32,luxury,2454724,high,,,False,False,True,True,False,1.62,
61,,True,fair,10000,,,,1900000,1600000,2100000,comparison_thin,,15,,,,,,,,,,,,,,,high,,income_led,False,False,False,False,False,1.69,
62,,True,fair,15000,,,,2800000,2400000,3100000,comparison_thin,,15,,,,,,,,,,,,,,,high,,income_led,False,False,False,False,False,1.68,
63,,True,fair,25000,,,,4700000,4000000,5200000,comparison_thin,,15,,,,,,,,,,,,,,,high,,income_led,False,False,False,False,False,1.7,
64,,True,poor,,,,,2400000,2400000,5400000,comparison_thin,True,15,cost,cost_led,2370910,5400000,3,0.16505882352941176,51,0.62,False,False,0.31,42,luxury,2370910,high,,,False,False,True,True,False,1.69,
65,,True,poor,10000,,,,1900000,1600000,2100000,comparison_thin,,15,,,,,,,,,,,,,,,high,,income_led,False,False,False,False,False,1.62,
66,,True,poor,15000,,,,2800000,2400000,3100000,comparison_thin,,15,,,,,,,,,,,,,,,high,,income_led,False,False,False,False,False,1.54,
67,,True,poor,25000,,,,4700000,4000000,5200000,comparison_thin,,15,,,,,,,,,,,,,,,high,,income_led,False,False,False,False,False,1.56,
68,,True,teardown,,,,,1800000,1500000,1900000,comparison_thin,,15,,,,,,,,,,,,,,,high,,,True,False,False,False,False,1.53,
69,,True,teardown,10000,,,,1800000,1500000,1900000,comparison_thin,,15,,,,,,,,,,,,,,,high,,,True,False,False,False,False,1.56,
70,,True,teardown,15000,,,,1800000,1500000,1900000,comparison_thin,,15,,,,,,,,,,,,,,,high,,,True,False,False,False,False,1.61,
71,,True,teardown,25000,,,,1800000,1500000,1900000,comparison_thin,,15,,,,,,,,,,,,,,,high,,,True,False,False,False,False,1.56,
72,10,False,,,,,,2400000,2400000,5400000,comparison_thin,True,15,cost,cost_led,2378094,5400000,3,0.16505882352941176,51,0.62,False,False,0.5,25,ordinary,2378094,high,,,False,False,True,True,False,1.58,
73,10,False,,10000,,,,1900000,1600000,2100000,comparison_thin,,15,,,,,,,,,,,,,,,high,,income_led,False,False,False,False,False,1.54,
74,10,False,,15000,,,,2800000,2400000,3100000,comparison_thin,,15,,,,,,,,,,,,,,,high,,income_led,False,False,False,False,False,1.55,
75,10,False,,25000,,,,4700000,4000000,5200000,comparison_thin,,15,,,,,,,,,,,,,,,high,,income_led,False,False,False,False,False,1.79,
76,10,False,new,,,,,2500000,2500000,5400000,comparison_thin,True,15,cost,cost_led,2546681,5400000,3,0.16505882352941176,51,0.62,False,False,0.66,17,ordinary,2546681,high,,,False,False,True,True,False,1.72,
77,10,False,new,10000,,,,1900000,1600000,2100000,comparison_thin,,15,,,,,,,,,,,,,,,high,,income_led,False,False,False,False,False,1.59,
78,10,False,new,15000,,,,2800000,2400000,3100000,comparison_thin,,15,,,,,,,,,,,,,,,high,,income_led,False,False,False,False,False,1.58,
79,10,False,new,25000,,,,4700000,4000000,5200000,comparison_thin,,15,,,,,,,,,,,,,,,high,,income_led,False,False,False,False,False,1.56,
80,10,False,excellent,,,,,2600000,2600000,5400000,comparison_thin,True,15,cost,cost_led,2588828,5400000,3,0.16505882352941176,51,0.62,False,False,0.7,15,ordinary,2588828,high,,,False,False,True,True,False,1.57,
81,10,False,excellent,10000,,,,1900000,1600000,2100000,comparison_thin,,15,,,,,,,,,,,,,,,high,,income_led,False,False,False,False,False,1.58,
82,10,False,excellent,15000,,,,2800000,2400000,3100000,comparison_thin,,15,,,,,,,,,,,,,,,high,,income_led,False,False,False,False,False,1.56,
83,10,False,excellent,25000,,,,4700000,4000000,5200000,comparison_thin,,15,,,,,,,,,,,,,,,high,,income_led,False,False,False,False,False,1.56,
84,10,False,renovated,,,,,2600000,2600000,5400000,comparison_thin,True,15,cost,cost_led,2609901,5400000,3,0.16505882352941176,51,0.62,False,False,0.72,14,ordinary,2609901,high,,,False,False,True,True,False,1.54,
85,10,False,renovated,10000,,,,1900000,1600000,2100000,comparison_thin,,15,,,,,,,,,,,,,,,high,,income_led,False,False,False,False,False,1.57,
86,10,False,renovated,15000,,,,2800000,2400000,3100000,comparison_thin,,15,,,,,,,,,,,,,,,high,,income_led,False,False,False,False,False,1.56,
87,10,False,renovated,25000,,,,4700000,4000000,5200000,comparison_thin,,15,,,,,,,,,,,,,,,high,,income_led,False,False,False,False,False,1.55,
88,10,False,good,,,,,2400000,2400000,5400000,comparison_thin,True,15,cost,cost_led,2441314,5400000,3,0.16505882352941176,51,0.62,False,False,0.56,22,ordinary,2441314,high,,,False,False,True,True,False,1.53,
89,10,False,good,10000,,,,1900000,1600000,2100000,comparison_thin,,15,,,,,,,,,,,,,,,high,,income_led,False,False,False,False,False,1.61,
90,10,False,good,15000,,,,2800000,2400000,3100000,comparison_thin,,15,,,,,,,,,,,,,,,high,,income_led,False,False,False,False,False,1.63,
91,10,False,good,25000,,,,4700000,4000000,5200000,comparison_thin,,15,,,,,,,,,,,,,,,high,,income_led,False,False,False,False,False,1.71,
92,10,False,average,,,,,2400000,2400000,5400000,comparison_thin,True,15,cost,cost_led,2378094,5400000,3,0.16505882352941176,51,0.62,False,False,0.5,25,ordinary,2378094,high,,,False,False,True,True,False,1.57,
93,10,False,average,10000,,,,1900000,1600000,2100000,comparison_thin,,15,,,,,,,,,,,,,,,high,,income_led,False,False,False,False,False,1.76,
94,10,False,average,15000,,,,2800000,2400000,3100000,comparison_thin,,15,,,,,,,,,,,,,,,high,,income_led,False,False,False,False,False,1.6,
95,10,False,average,25000,,,,4700000,4000000,5200000,comparison_thin,,15,,,,,,,,,,,,,,,high,,income_led,False,False,False,False,False,1.84,
96,10,False,fair,,,,,2200000,2200000,5400000,comparison_thin,True,15,cost,cost_led,2230580,5400000,3,0.16505882352941176,51,0.62,False,False,0.36,32,ordinary,2230580,high,,,False,False,True,True,False,1.57,
97,10,False,fair,10000,,,,1900000,1600000,2100000,comparison_thin,,15,,,,,,,,,,,,,,,high,,income_led,False,False,False,False,False,1.58,
98,10,False,fair,15000,,,,2800000,2400000,3100000,comparison_thin,,15,,,,,,,,,,,,,,,high,,income_led,False,False,False,False,False,1.58,
99,10,False,fair,25000,,,,4700000,4000000,5200000,comparison_thin,,15,,,,,,,,,,,,,,,high,,income_led,False,False,False,False,False,1.57,
100,10,False,poor,,,,,2100000,2100000,5400000,comparison_thin,True,15,cost,cost_led,2135750,5400000,3,0.16505882352941176,51,0.62,False,False,0.27,42,ordinary,2135750,high,,,False,False,True,True,False,1.65,
101,10,False,poor,10000,,,,1900000,1600000,2100000,comparison_thin,,15,,,,,,,,,,,,,,,high,,income_led,False,False,False,False,False,1.66,
102,10,False,poor,15000,,,,2800000,2400000,3100000,comparison_thin,,15,,,,,,,,,,,,,,,high,,income_led,False,False,False,False,False,1.66,
103,10,False,poor,25000,,,,4700000,4000000,5200000,comparison_thin,,15,,,,,,,,,,,,,,,high,,income_led,False,False,False,False,False,1.6,
104,10,False,teardown,,,,,1800000,1500000,1900000,comparison_thin,,15,,,,,,,,,,,,,,,high,,,True,False,False,False,False,1.57,
105,10,False,teardown,10000,,,,1800000,1500000,1900000,comparison_thin,,15,,,,,,,,,,,,,,,high,,,True,False,False,False,False,1.58,
106,10,False,teardown,15000,,,,1800000,1500000,1900000,comparison_thin,,15,,,,,,,,,,,,,,,high,,,True,False,False,False,False,1.69,
107,10,False,teardown,25000,,,,1800000,1500000,1900000,comparison_thin,,15,,,,,,,,,,,,,,,high,,,True,False,False,False,False,1.61,
108,10,True,,,,,,2700000,2700000,5400000,comparison_thin,True,15,cost,cost_led,2689405,5400000,3,0.16505882352941176,51,0.62,False,False,0.5,25,luxury,2689405,high,,,False,False,True,True,False,1.62,
109,10,True,,10000,,,,1900000,1600000,2100000,comparison_thin,,15,,,,,,,,,,,,,,,high,,income_led,False,False,False,False,False,1.57,
110,10,True,,15000,,,,2800000,2400000,3100000,comparison_thin,,15,,,,,,,,,,,,,,,high,,income_led,False,False,False,False,False,1.58,
111,10,True,,25000,,,,4700000,4000000,5200000,comparison_thin,,15,,,,,,,,,,,,,,,high,,income_led,False,False,False,False,False,1.53,
112,10,True,new,,,,,5100000,4300000,5500000,comparison_thin,,15,,,,,,,,,,,,,,,high,,,False,True,False,False,False,1.54,
113,10,True,new,10000,,,,5100000,4300000,5500000,comparison_thin,,15,,,,,,,,,,,,,,,high,,,False,True,False,False,False,1.54,
114,10,True,new,15000,,,,5100000,4300000,5500000,comparison_thin,,15,,,,,,,,,,,,,,,high,,,False,True,False,False,False,1.57,
115,10,True,new,25000,,,,5100000,4300000,5500000,comparison_thin,,15,,,,,,,,,,,,,,,high,,,False,True,False,False,False,1.63,
116,10,True,excellent,,,,,3000000,3000000,5400000,comparison_thin,True,15,cost,cost_led,3024663,5400000,3,0.16505882352941176,51,0.62,False,False,0.7,15,luxury,3024663,high,,,False,False,True,True,False,1.59,
117,10,True,excellent,10000,,,,1900000,1600000,2100000,comparison_thin,,15,,,,,,,,,,,,,,,high,,income_led,False,False,False,False,False,1.55,
118,10,True,excellent,15000,,,,2800000,2400000,3100000,comparison_thin,,15,,,,,,,,,,,,,,,high,,income_led,False,False,False,False,False,1.55,
119,10,True,excellent,25000,,,,4700000,4000000,5200000,comparison_thin,,15,,,,,,,,,,,,,,,high,,income_led,False,False,False,False,False,1.54,
120,10,True,renovated,,,,,3100000,3100000,5400000,comparison_thin,True,15,cost,cost_led,3058189,5400000,3,0.16505882352941176,51,0.62,False,False,0.72,14,luxury,3058189,high,,,False,False,True,True,False,1.54,
121,10,True,renovated,10000,,,,1900000,1600000,2100000,comparison_thin,,15,,,,,,,,,,,,,,,high,,income_led,False,False,False,False,False,1.54,
122,10,True,renovated,15000,,,,2800000,2400000,3100000,comparison_thin,,15,,,,,,,,,,,,,,,high,,income_led,False,False,False,False,False,1.64,
123,10,True,renovated,25000,,,,4700000,4000000,5200000,comparison_thin,,15,,,,,,,,,,,,,,,high,,income_led,False,False,False,False,False,3.01,
124,10,True,good,,,,,2800000,2800000,5400000,comparison_thin,True,15,cost,cost_led,2789982,5400000,3,0.16505882352941176,51,0.62,False,False,0.56,22,luxury,2789982,high,,,False,False,True,True,False,2.79,
125,10,True,good,10000,,,,1900000,1600000,2100000,comparison_thin,,15,,,,,,,,,,,,,,,high,,income_led,False,False,False,False,False,2.53,
126,10,True,good,15000,,,,2800000,2400000,3100000,comparison_thin,,15,,,,,,,,,,,,,,,high,,income_led,False,False,False,False,False,2.61,
127,10,True,good,25000,,,,4700000,4000000,5200000,comparison_thin,,15,,,,,,,,,,,,,,,high,,income_led,False,False,False,False,False,3.03,
128,10,True,average,,,,,2700000,2700000,5400000,comparison_thin,True,15,cost,cost_led,2689405,5400000,3,0.16505882352941176,51,0.62,False,False,0.5,25,luxury,2689405,high,,,False,False,True,True,False,2.48,
129,10,True,average,10000,,,,1900000,1600000,2100000,comparison_thin,,15,,,,,,,,,,,,,,,high,,income_led,False,False,False,False,False,2.41,
130,10,True,average,15000,,,,2800000,2400000,3100000,comparison_thin,,15,,,,,,,,,,,,,,,high,,income_led,False,False,False,False,False,2.55,
131,10,True,average,25000,,,,4700000,4000000,5200000,comparison_thin,,15,,,,,,,,,,,,,,,high,,income_led,False,False,False,False,False,2.62,
132,10,True,fair,,,,,2500000,2500000,5400000,comparison_thin,True,15,cost,cost_led,2454724,5400000,3,0.16505882352941176,51,0.62,False,False,0.36,32,luxury,2454724,high,,,False,False,True,True,False,2.93,
133,10,True,fair,10000,,,,1900000,1600000,2100000,comparison_thin,,15,,,,,,,,,,,,,,,high,,income_led,False,False,False,False,False,3.49,
134,10,True,fair,15000,,,,2800000,2400000,3100000,comparison_thin,,15,,,,,,,,,,,,,,,high,,income_led,False,False,False,False,False,3.77,
135,10,True,fair,25000,,,,4700000,4000000,5200000,comparison_thin,,15,,,,,,,,,,,,,,,high,,income_led,False,False,False,False,False,2.9,
136,10,True,poor,,,,,2400000,2400000,5400000,comparison_thin,True,15,cost,cost_led,2370910,5400000,3,0.16505882352941176,51,0.62,False,False,0.31,42,luxury,2370910,high,,,False,False,True,True,False,2.62,
137,10,True,poor,10000,,,,1900000,1600000,2100000,comparison_thin,,15,,,,,,,,,,,,,,,high,,income_led,False,False,False,False,False,2.97,
138,10,True,poor,15000,,,,2800000,2400000,3100000,comparison_thin,,15,,,,,,,,,,,,,,,high,,income_led,False,False,False,False,False,3.73,
139,10,True,poor,25000,,,,4700000,4000000,5200000,comparison_thin,,15,,,,,,,,,,,,,,,high,,income_led,False,False,False,False,False,6.1,
140,10,True,teardown,,,,,1800000,1500000,1900000,comparison_thin,,15,,,,,,,,,,,,,,,high,,,True,False,False,False,False,3.77,
141,10,True,teardown,10000,,,,1800000,1500000,1900000,comparison_thin,,15,,,,,,,,,,,,,,,high,,,True,False,False,False,False,2.37,
142,10,True,teardown,15000,,,,1800000,1500000,1900000,comparison_thin,,15,,,,,,,,,,,,,,,high,,,True,False,False,False,False,2.73,
143,10,True,teardown,25000,,,,1800000,1500000,1900000,comparison_thin,,15,,,,,,,,,,,,,,,high,,,True,False,False,False,False,2.38,
144,15,False,,,,,,2400000,2400000,5400000,comparison_thin,True,15,cost,cost_led,2378094,5400000,3,0.16505882352941176,51,0.62,False,False,0.5,25,ordinary,2378094,high,,,False,False,True,True,False,2.44,
145,15,False,,10000,,,,1900000,1600000,2100000,comparison_thin,,15,,,,,,,,,,,,,,,high,,income_led,False,False,False,False,False,2.79,
146,15,False,,15000,,,,2800000,2400000,3100000,comparison_thin,,15,,,,,,,,,,,,,,,high,,income_led,False,False,False,False,False,2.77,
147,15,False,,25000,,,,4700000,4000000,5200000,comparison_thin,,15,,,,,,,,,,,,,,,high,,income_led,False,False,False,False,False,2.95,
148,15,False,new,,,,,2500000,2500000,5400000,comparison_thin,True,15,cost,cost_led,2546681,5400000,3,0.16505882352941176,51,0.62,False,False,0.66,17,ordinary,2546681,high,,,False,False,True,True,False,2.63,
149,15,False,new,10000,,,,1900000,1600000,2100000,comparison_thin,,15,,,,,,,,,,,,,,,high,,income_led,False,False,False,False,False,2.74,
150,15,False,new,15000,,,,2800000,2400000,3100000,comparison_thin,,15,,,,,,,,,,,,,,,high,,income_led,False,False,False,False,False,2.9,
151,15,False,new,25000,,,,4700000,4000000,5200000,comparison_thin,,15,,,,,,,,,,,,,,,high,,income_led,False,False,False,False,False,2.76,
152,15,False,excellent,,,,,2600000,2600000,5400000,comparison_thin,True,15,cost,cost_led,2588828,5400000,3,0.16505882352941176,51,0.62,False,False,0.7,15,ordinary,2588828,high,,,False,False,True,True,False,2.66,
153,15,False,excellent,10000,,,,1900000,1600000,2100000,comparison_thin,,15,,,,,,,,,,,,,,,high,,income_led,False,False,False,False,False,2.59,
154,15,False,excellent,15000,,,,2800000,2400000,3100000,comparison_thin,,15,,,,,,,,,,,,,,,high,,income_led,False,False,False,False,False,3.05,
155,15,False,excellent,25000,,,,4700000,4000000,5200000,comparison_thin,,15,,,,,,,,,,,,,,,high,,income_led,False,False,False,False,False,2.71,
156,15,False,renovated,,,,,2600000,2600000,5400000,comparison_thin,True,15,cost,cost_led,2609901,5400000,3,0.16505882352941176,51,0.62,False,False,0.72,14,ordinary,2609901,high,,,False,False,True,True,False,2.51,
157,15,False,renovated,10000,,,,1900000,1600000,2100000,comparison_thin,,15,,,,,,,,,,,,,,,high,,income_led,False,False,False,False,False,2.61,
158,15,False,renovated,15000,,,,2800000,2400000,3100000,comparison_thin,,15,,,,,,,,,,,,,,,high,,income_led,False,False,False,False,False,2.85,
159,15,False,renovated,25000,,,,4700000,4000000,5200000,comparison_thin,,15,,,,,,,,,,,,,,,high,,income_led,False,False,False,False,False,2.72,
160,15,False,good,,,,,2400000,2400000,5400000,comparison_thin,True,15,cost,cost_led,2441314,5400000,3,0.16505882352941176,51,0.62,False,False,0.56,22,ordinary,2441314,high,,,False,False,True,True,False,2.46,
161,15,False,good,10000,,,,1900000,1600000,2100000,comparison_thin,,15,,,,,,,,,,,,,,,high,,income_led,False,False,False,False,False,2.69,
162,15,False,good,15000,,,,2800000,2400000,3100000,comparison_thin,,15,,,,,,,,,,,,,,,high,,income_led,False,False,False,False,False,2.37,
163,15,False,good,25000,,,,4700000,4000000,5200000,comparison_thin,,15,,,,,,,,,,,,,,,high,,income_led,False,False,False,False,False,2.86,
164,15,False,average,,,,,2400000,2400000,5400000,comparison_thin,True,15,cost,cost_led,2378094,5400000,3,0.16505882352941176,51,0.62,False,False,0.5,25,ordinary,2378094,high,,,False,False,True,True,False,2.73,
165,15,False,average,10000,,,,1900000,1600000,2100000,comparison_thin,,15,,,,,,,,,,,,,,,high,,income_led,False,False,False,False,False,2.74,
166,15,False,average,15000,,,,2800000,2400000,3100000,comparison_thin,,15,,,,,,,,,,,,,,,high,,income_led,False,False,False,False,False,2.91,
167,15,False,average,25000,,,,4700000,4000000,5200000,comparison_thin,,15,,,,,,,,,,,,,,,high,,income_led,False,False,False,False,False,2.54,
168,15,False,fair,,,,,2200000,2200000,5400000,comparison_thin,True,15,cost,cost_led,2230580,5400000,3,0.16505882352941176,51,0.62,False,False,0.36,32,ordinary,2230580,high,,,False,False,True,True,False,2.85,
169,15,False,fair,10000,,,,1900000,1600000,2100000,comparison_thin,,15,,,,,,,,,,,,,,,high,,income_led,False,False,False,False,False,2.5,
170,15,False,fair,15000,,,,2800000,2400000,3100000,comparison_thin,,15,,,,,,,,,,,,,,,high,,income_led,False,False,False,False,False,2.33,
171,15,False,fair,25000,,,,4700000,4000000,5200000,comparison_thin,,15,,,,,,,,,,,,,,,high,,income_led,False,False,False,False,False,2.55,
172,15,False,poor,,,,,2100000,2100000,5400000,comparison_thin,True,15,cost,cost_led,2135750,5400000,3,0.16505882352941176,51,0.62,False,False,0.27,42,ordinary,2135750,high,,,False,False,True,True,False,3.31,
173,15,False,poor,10000,,,,1900000,1600000,2100000,comparison_thin,,15,,,,,,,,,,,,,,,high,,income_led,False,False,False,False,False,2.55,
174,15,False,poor,15000,,,,2800000,2400000,3100000,comparison_thin,,15,,,,,,,,,,,,,,,high,,income_led,False,False,False,False,False,3.0,
175,15,False,poor,25000,,,,4700000,4000000,5200000,comparison_thin,,15,,,,,,,,,,,,,,,high,,income_led,False,False,False,False,False,2.42,
176,15,False,teardown,,,,,1800000,1500000,1900000,comparison_thin,,15,,,,,,,,,,,,,,,high,,,True,False,False,False,False,2.67,
177,15,False,teardown,10000,,,,1800000,1500000,1900000,comparison_thin,,15,,,,,,,,,,,,,,,high,,,True,False,False,False,False,3.08,
178,15,False,teardown,15000,,,,1800000,1500000,1900000,comparison_thin,,15,,,,,,,,,,,,,,,high,,,True,False,False,False,False,6.3,
179,15,False,teardown,25000,,,,1800000,1500000,1900000,comparison_thin,,15,,,,,,,,,,,,,,,high,,,True,False,False,False,False,4.51,
180,15,True,,,,,,2700000,2700000,5400000,comparison_thin,True,15,cost,cost_led,2689405,5400000,3,0.16505882352941176,51,0.62,False,False,0.5,25,luxury,2689405,high,,,False,False,True,True,False,3.33,
181,15,True,,10000,,,,1900000,1600000,2100000,comparison_thin,,15,,,,,,,,,,,,,,,high,,income_led,False,False,False,False,False,2.97,
182,15,True,,15000,,,,2800000,2400000,3100000,comparison_thin,,15,,,,,,,,,,,,,,,high,,income_led,False,False,False,False,False,2.62,
183,15,True,,25000,,,,4700000,4000000,5200000,comparison_thin,,15,,,,,,,,,,,,,,,high,,income_led,False,False,False,False,False,2.79,
184,15,True,new,,,,,5100000,4300000,5500000,comparison_thin,,15,,,,,,,,,,,,,,,high,,,False,True,False,False,False,2.52,
185,15,True,new,10000,,,,5100000,4300000,5500000,comparison_thin,,15,,,,,,,,,,,,,,,high,,,False,True,False,False,False,1.62,
186,15,True,new,15000,,,,5100000,4300000,5500000,comparison_thin,,15,,,,,,,,,,,,,,,high,,,False,True,False,False,False,1.83,
187,15,True,new,25000,,,,5100000,4300000,5500000,comparison_thin,,15,,,,,,,,,,,,,,,high,,,False,True,False,False,False,1.73,
188,15,True,excellent,,,,,3000000,3000000,5400000,comparison_thin,True,15,cost,cost_led,3024663,5400000,3,0.16505882352941176,51,0.62,False,False,0.7,15,luxury,3024663,high,,,False,False,True,True,False,2.04,
189,15,True,excellent,10000,,,,1900000,1600000,2100000,comparison_thin,,15,,,,,,,,,,,,,,,high,,income_led,False,False,False,False,False,1.55,
190,15,True,excellent,15000,,,,2800000,2400000,3100000,comparison_thin,,15,,,,,,,,,,,,,,,high,,income_led,False,False,False,False,False,1.66,
191,15,True,excellent,25000,,,,4700000,4000000,5200000,comparison_thin,,15,,,,,,,,,,,,,,,high,,income_led,False,False,False,False,False,1.54,
192,15,True,renovated,,,,,3100000,3100000,5400000,comparison_thin,True,15,cost,cost_led,3058189,5400000,3,0.16505882352941176,51,0.62,False,False,0.72,14,luxury,3058189,high,,,False,False,True,True,False,1.83,
193,15,True,renovated,10000,,,,1900000,1600000,2100000,comparison_thin,,15,,,,,,,,,,,,,,,high,,income_led,False,False,False,False,False,1.66,
194,15,True,renovated,15000,,,,2800000,2400000,3100000,comparison_thin,,15,,,,,,,,,,,,,,,high,,income_led,False,False,False,False,False,1.75,
195,15,True,renovated,25000,,,,4700000,4000000,5200000,comparison_thin,,15,,,,,,,,,,,,,,,high,,income_led,False,False,False,False,False,1.73,
196,15,True,good,,,,,2800000,2800000,5400000,comparison_thin,True,15,cost,cost_led,2789982,5400000,3,0.16505882352941176,51,0.62,False,False,0.56,22,luxury,2789982,high,,,False,False,True,True,False,1.47,
197,15,True,good,10000,,,,1900000,1600000,2100000,comparison_thin,,15,,,,,,,,,,,,,,,high,,income_led,False,False,False,False,False,1.54,
198,15,True,good,15000,,,,2800000,2400000,3100000,comparison_thin,,15,,,,,,,,,,,,,,,high,,income_led,False,False,False,False,False,1.51,
199,15,True,good,25000,,,,4700000,4000000,5200000,comparison_thin,,15,,,,,,,,,,,,,,,high,,income_led,False,False,False,False,False,1.61,
200,15,True,average,,,,,2700000,2700000,5400000,comparison_thin,True,15,cost,cost_led,2689405,5400000,3,0.16505882352941176,51,0.62,False,False,0.5,25,luxury,2689405,high,,,False,False,True,True,False,1.67,
201,15,True,average,10000,,,,1900000,1600000,2100000,comparison_thin,,15,,,,,,,,,,,,,,,high,,income_led,False,False,False,False,False,1.94,
202,15,True,average,15000,,,,2800000,2400000,3100000,comparison_thin,,15,,,,,,,,,,,,,,,high,,income_led,False,False,False,False,False,1.63,
203,15,True,average,25000,,,,4700000,4000000,5200000,comparison_thin,,15,,,,,,,,,,,,,,,high,,income_led,False,False,False,False,False,1.62,
204,15,True,fair,,,,,2500000,2500000,5400000,comparison_thin,True,15,cost,cost_led,2454724,5400000,3,0.16505882352941176,51,0.62,False,False,0.36,32,luxury,2454724,high,,,False,False,True,True,False,1.63,
205,15,True,fair,10000,,,,1900000,1600000,2100000,comparison_thin,,15,,,,,,,,,,,,,,,high,,income_led,False,False,False,False,False,1.51,
206,15,True,fair,15000,,,,2800000,2400000,3100000,comparison_thin,,15,,,,,,,,,,,,,,,high,,income_led,False,False,False,False,False,1.7,
207,15,True,fair,25000,,,,4700000,4000000,5200000,comparison_thin,,15,,,,,,,,,,,,,,,high,,income_led,False,False,False,False,False,1.49,
208,15,True,poor,,,,,2400000,2400000,5400000,comparison_thin,True,15,cost,cost_led,2370910,5400000,3,0.16505882352941176,51,0.62,False,False,0.31,42,luxury,2370910,high,,,False,False,True,True,False,1.54,
209,15,True,poor,10000,,,,1900000,1600000,2100000,comparison_thin,,15,,,,,,,,,,,,,,,high,,income_led,False,False,False,False,False,1.76,
210,15,True,poor,15000,,,,2800000,2400000,3100000,comparison_thin,,15,,,,,,,,,,,,,,,high,,income_led,False,False,False,False,False,1.47,
211,15,True,poor,25000,,,,4700000,4000000,5200000,comparison_thin,,15,,,,,,,,,,,,,,,high,,income_led,False,False,False,False,False,1.65,
212,15,True,teardown,,,,,1800000,1500000,1900000,comparison_thin,,15,,,,,,,,,,,,,,,high,,,True,False,False,False,False,1.5,
213,15,True,teardown,10000,,,,1800000,1500000,1900000,comparison_thin,,15,,,,,,,,,,,,,,,high,,,True,False,False,False,False,1.75,
214,15,True,teardown,15000,,,,1800000,1500000,1900000,comparison_thin,,15,,,,,,,,,,,,,,,high,,,True,False,False,False,False,1.51,
215,15,True,teardown,25000,,,,1800000,1500000,1900000,comparison_thin,,15,,,,,,,,,,,,,,,high,,,True,False,False,False,False,1.75,
216,20,False,,,,,,2400000,2400000,5300000,comparison_thin,True,15,cost,cost_led,2378094,5300000,3,0.16505882352941176,51,0.62,False,False,0.5,25,ordinary,2378094,high,,,False,False,True,True,False,1.52,
217,20,False,,10000,,,,1900000,1600000,2100000,comparison_thin,,15,,,,,,,,,,,,,,,high,,income_led,False,False,False,False,False,1.68,
218,20,False,,15000,,,,2800000,2400000,3100000,comparison_thin,,15,,,,,,,,,,,,,,,high,,income_led,False,False,False,False,False,1.68,
219,20,False,,25000,,,,4700000,4000000,5200000,comparison_thin,,15,,,,,,,,,,,,,,,high,,income_led,False,False,False,False,False,1.58,
220,20,False,new,,,,,2500000,2500000,5300000,comparison_thin,True,15,cost,cost_led,2546681,5300000,3,0.16505882352941176,51,0.62,False,False,0.66,17,ordinary,2546681,high,,,False,False,True,True,False,1.49,
221,20,False,new,10000,,,,1900000,1600000,2100000,comparison_thin,,15,,,,,,,,,,,,,,,high,,income_led,False,False,False,False,False,1.49,
222,20,False,new,15000,,,,2800000,2400000,3100000,comparison_thin,,15,,,,,,,,,,,,,,,high,,income_led,False,False,False,False,False,1.46,
223,20,False,new,25000,,,,4700000,4000000,5200000,comparison_thin,,15,,,,,,,,,,,,,,,high,,income_led,False,False,False,False,False,1.55,
224,20,False,excellent,,,,,2600000,2600000,5300000,comparison_thin,True,15,cost,cost_led,2588828,5300000,3,0.16505882352941176,51,0.62,False,False,0.7,15,ordinary,2588828,high,,,False,False,True,True,False,1.6,
225,20,False,excellent,10000,,,,1900000,1600000,2100000,comparison_thin,,15,,,,,,,,,,,,,,,high,,income_led,False,False,False,False,False,1.61,
226,20,False,excellent,15000,,,,2800000,2400000,3100000,comparison_thin,,15,,,,,,,,,,,,,,,high,,income_led,False,False,False,False,False,1.78,
227,20,False,excellent,25000,,,,4700000,4000000,5200000,comparison_thin,,15,,,,,,,,,,,,,,,high,,income_led,False,False,False,False,False,1.57,
228,20,False,renovated,,,,,2600000,2600000,5300000,comparison_thin,True,15,cost,cost_led,2609901,5300000,3,0.16505882352941176,51,0.62,False,False,0.72,14,ordinary,2609901,high,,,False,False,True,True,False,1.59,
229,20,False,renovated,10000,,,,1900000,1600000,2100000,comparison_thin,,15,,,,,,,,,,,,,,,high,,income_led,False,False,False,False,False,2.07,
230,20,False,renovated,15000,,,,2800000,2400000,3100000,comparison_thin,,15,,,,,,,,,,,,,,,high,,income_led,False,False,False,False,False,1.61,
231,20,False,renovated,25000,,,,4700000,4000000,5200000,comparison_thin,,15,,,,,,,,,,,,,,,high,,income_led,False,False,False,False,False,1.56,
232,20,False,good,,,,,2400000,2400000,5300000,comparison_thin,True,15,cost,cost_led,2441314,5300000,3,0.16505882352941176,51,0.62,False,False,0.56,22,ordinary,2441314,high,,,False,False,True,True,False,1.49,
233,20,False,good,10000,,,,1900000,1600000,2100000,comparison_thin,,15,,,,,,,,,,,,,,,high,,income_led,False,False,False,False,False,1.65,
234,20,False,good,15000,,,,2800000,2400000,3100000,comparison_thin,,15,,,,,,,,,,,,,,,high,,income_led,False,False,False,False,False,1.62,
235,20,False,good,25000,,,,4700000,4000000,5200000,comparison_thin,,15,,,,,,,,,,,,,,,high,,income_led,False,False,False,False,False,1.68,
236,20,False,average,,,,,2400000,2400000,5300000,comparison_thin,True,15,cost,cost_led,2378094,5300000,3,0.16505882352941176,51,0.62,False,False,0.5,25,ordinary,2378094,high,,,False,False,True,True,False,1.67,
237,20,False,average,10000,,,,1900000,1600000,2100000,comparison_thin,,15,,,,,,,,,,,,,,,high,,income_led,False,False,False,False,False,1.56,
238,20,False,average,15000,,,,2800000,2400000,3100000,comparison_thin,,15,,,,,,,,,,,,,,,high,,income_led,False,False,False,False,False,1.51,
239,20,False,average,25000,,,,4700000,4000000,5200000,comparison_thin,,15,,,,,,,,,,,,,,,high,,income_led,False,False,False,False,False,1.59,
240,20,False,fair,,,,,2200000,2200000,5300000,comparison_thin,True,15,cost,cost_led,2230580,5300000,3,0.16505882352941176,51,0.62,False,False,0.36,32,ordinary,2230580,high,,,False,False,True,True,False,1.96,
241,20,False,fair,10000,,,,1900000,1600000,2100000,comparison_thin,,15,,,,,,,,,,,,,,,high,,income_led,False,False,False,False,False,1.51,
242,20,False,fair,15000,,,,2800000,2400000,3100000,comparison_thin,,15,,,,,,,,,,,,,,,high,,income_led,False,False,False,False,False,1.56,
243,20,False,fair,25000,,,,4700000,4000000,5200000,comparison_thin,,15,,,,,,,,,,,,,,,high,,income_led,False,False,False,False,False,1.55,
244,20,False,poor,,,,,2100000,2100000,5300000,comparison_thin,True,15,cost,cost_led,2135750,5300000,3,0.16505882352941176,51,0.62,False,False,0.27,42,ordinary,2135750,high,,,False,False,True,True,False,1.49,
245,20,False,poor,10000,,,,1900000,1600000,2100000,comparison_thin,,15,,,,,,,,,,,,,,,high,,income_led,False,False,False,False,False,1.48,
246,20,False,poor,15000,,,,2800000,2400000,3100000,comparison_thin,,15,,,,,,,,,,,,,,,high,,income_led,False,False,False,False,False,1.46,
247,20,False,poor,25000,,,,4700000,4000000,5200000,comparison_thin,,15,,,,,,,,,,,,,,,high,,income_led,False,False,False,False,False,1.69,
248,20,False,teardown,,,,,1800000,1500000,1900000,comparison_thin,,15,,,,,,,,,,,,,,,high,,,True,False,False,False,False,2.32,
249,20,False,teardown,10000,,,,1800000,1500000,1900000,comparison_thin,,15,,,,,,,,,,,,,,,high,,,True,False,False,False,False,2.07,
250,20,False,teardown,15000,,,,1800000,1500000,1900000,comparison_thin,,15,,,,,,,,,,,,,,,high,,,True,False,False,False,False,2.73,
251,20,False,teardown,25000,,,,1800000,1500000,1900000,comparison_thin,,15,,,,,,,,,,,,,,,high,,,True,False,False,False,False,11.6,
252,20,True,,,,,,2700000,2700000,5300000,comparison_thin,True,15,cost,cost_led,2689405,5300000,3,0.16505882352941176,51,0.62,False,False,0.5,25,luxury,2689405,high,,,False,False,True,True,False,4.87,
253,20,True,,10000,,,,1900000,1600000,2100000,comparison_thin,,15,,,,,,,,,,,,,,,high,,income_led,False,False,False,False,False,5.02,
254,20,True,,15000,,,,2800000,2400000,3100000,comparison_thin,,15,,,,,,,,,,,,,,,high,,income_led,False,False,False,False,False,7.33,
255,20,True,,25000,,,,4700000,4000000,5200000,comparison_thin,,15,,,,,,,,,,,,,,,high,,income_led,False,False,False,False,False,4.59,
256,20,True,new,,,,,5100000,4300000,5500000,comparison_thin,,15,,,,,,,,,,,,,,,high,,,False,True,False,False,False,3.52,
257,20,True,new,10000,,,,5100000,4300000,5500000,comparison_thin,,15,,,,,,,,,,,,,,,high,,,False,True,False,False,False,3.02,
258,20,True,new,15000,,,,5100000,4300000,5500000,comparison_thin,,15,,,,,,,,,,,,,,,high,,,False,True,False,False,False,3.08,
259,20,True,new,25000,,,,5100000,4300000,5500000,comparison_thin,,15,,,,,,,,,,,,,,,high,,,False,True,False,False,False,2.9,
260,20,True,excellent,,,,,3000000,3000000,5300000,comparison_thin,True,15,cost,cost_led,3024663,5300000,3,0.16505882352941176,51,0.62,False,False,0.7,15,luxury,3024663,high,,,False,False,True,True,False,2.7,
261,20,True,excellent,10000,,,,1900000,1600000,2100000,comparison_thin,,15,,,,,,,,,,,,,,,high,,income_led,False,False,False,False,False,2.6,
262,20,True,excellent,15000,,,,2800000,2400000,3100000,comparison_thin,,15,,,,,,,,,,,,,,,high,,income_led,False,False,False,False,False,2.53,
263,20,True,excellent,25000,,,,4700000,4000000,5200000,comparison_thin,,15,,,,,,,,,,,,,,,high,,income_led,False,False,False,False,False,3.04,
264,20,True,renovated,,,,,3100000,3100000,5300000,comparison_thin,True,15,cost,cost_led,3058189,5300000,3,0.16505882352941176,51,0.62,False,False,0.72,14,luxury,3058189,high,,,False,False,True,True,False,3.24,
265,20,True,renovated,10000,,,,1900000,1600000,2100000,comparison_thin,,15,,,,,,,,,,,,,,,high,,income_led,False,False,False,False,False,2.7,
266,20,True,renovated,15000,,,,2800000,2400000,3100000,comparison_thin,,15,,,,,,,,,,,,,,,high,,income_led,False,False,False,False,False,2.73,
267,20,True,renovated,25000,,,,4700000,4000000,5200000,comparison_thin,,15,,,,,,,,,,,,,,,high,,income_led,False,False,False,False,False,2.88,
268,20,True,good,,,,,2800000,2800000,5300000,comparison_thin,True,15,cost,cost_led,2789982,5300000,3,0.16505882352941176,51,0.62,False,False,0.56,22,luxury,2789982,high,,,False,False,True,True,False,3.09,
269,20,True,good,10000,,,,1900000,1600000,2100000,comparison_thin,,15,,,,,,,,,,,,,,,high,,income_led,False,False,False,False,False,2.52,
270,20,True,good,15000,,,,2800000,2400000,3100000,comparison_thin,,15,,,,,,,,,,,,,,,high,,income_led,False,False,False,False,False,3.45,
271,20,True,good,25000,,,,4700000,4000000,5200000,comparison_thin,,15,,,,,,,,,,,,,,,high,,income_led,False,False,False,False,False,3.49,
272,20,True,average,,,,,2700000,2700000,5300000,comparison_thin,True,15,cost,cost_led,2689405,5300000,3,0.16505882352941176,51,0.62,False,False,0.5,25,luxury,2689405,high,,,False,False,True,True,False,3.59,
273,20,True,average,10000,,,,1900000,1600000,2100000,comparison_thin,,15,,,,,,,,,,,,,,,high,,income_led,False,False,False,False,False,2.86,
274,20,True,average,15000,,,,2800000,2400000,3100000,comparison_thin,,15,,,,,,,,,,,,,,,high,,income_led,False,False,False,False,False,2.79,
275,20,True,average,25000,,,,4700000,4000000,5200000,comparison_thin,,15,,,,,,,,,,,,,,,high,,income_led,False,False,False,False,False,2.72,
276,20,True,fair,,,,,2500000,2500000,5300000,comparison_thin,True,15,cost,cost_led,2454724,5300000,3,0.16505882352941176,51,0.62,False,False,0.36,32,luxury,2454724,high,,,False,False,True,True,False,3.43,
277,20,True,fair,10000,,,,1900000,1600000,2100000,comparison_thin,,15,,,,,,,,,,,,,,,high,,income_led,False,False,False,False,False,3.45,
278,20,True,fair,15000,,,,2800000,2400000,3100000,comparison_thin,,15,,,,,,,,,,,,,,,high,,income_led,False,False,False,False,False,5.35,
279,20,True,fair,25000,,,,4700000,4000000,5200000,comparison_thin,,15,,,,,,,,,,,,,,,high,,income_led,False,False,False,False,False,4.74,
280,20,True,poor,,,,,2400000,2400000,5300000,comparison_thin,True,15,cost,cost_led,2370910,5300000,3,0.16505882352941176,51,0.62,False,False,0.31,42,luxury,2370910,high,,,False,False,True,True,False,4.35,
281,20,True,poor,10000,,,,1900000,1600000,2100000,comparison_thin,,15,,,,,,,,,,,,,,,high,,income_led,False,False,False,False,False,4.2,
282,20,True,poor,15000,,,,2800000,2400000,3100000,comparison_thin,,15,,,,,,,,,,,,,,,high,,income_led,False,False,False,False,False,2.93,
283,20,True,poor,25000,,,,4700000,4000000,5200000,comparison_thin,,15,,,,,,,,,,,,,,,high,,income_led,False,False,False,False,False,2.99,
284,20,True,teardown,,,,,1800000,1500000,1900000,comparison_thin,,15,,,,,,,,,,,,,,,high,,,True,False,False,False,False,2.75,
285,20,True,teardown,10000,,,,1800000,1500000,1900000,comparison_thin,,15,,,,,,,,,,,,,,,high,,,True,False,False,False,False,3.29,
286,20,True,teardown,15000,,,,1800000,1500000,1900000,comparison_thin,,15,,,,,,,,,,,,,,,high,,,True,False,False,False,False,4.54,
287,20,True,teardown,25000,,,,1800000,1500000,1900000,comparison_thin,,15,,,,,,,,,,,,,,,high,,,True,False,False,False,False,4.29,
288,25,False,,,,,,2400000,2400000,5300000,comparison_thin,True,15,cost,cost_led,2378094,5300000,3,0.16505882352941176,51,0.62,False,False,0.5,25,ordinary,2378094,high,,,False,False,True,True,False,1.67,
289,25,False,,10000,,,,1900000,1600000,2100000,comparison_thin,,15,,,,,,,,,,,,,,,high,,income_led,False,False,False,False,False,1.68,
290,25,False,,15000,,,,2800000,2400000,3100000,comparison_thin,,15,,,,,,,,,,,,,,,high,,income_led,False,False,False,False,False,2.11,
291,25,False,,25000,,,,4700000,4000000,5200000,comparison_thin,,15,,,,,,,,,,,,,,,high,,income_led,False,False,False,False,False,1.72,
292,25,False,new,,,,,2500000,2500000,5300000,comparison_thin,True,15,cost,cost_led,2546681,5300000,3,0.16505882352941176,51,0.62,False,False,0.66,17,ordinary,2546681,high,,,False,False,True,True,False,1.69,
293,25,False,new,10000,,,,1900000,1600000,2100000,comparison_thin,,15,,,,,,,,,,,,,,,high,,income_led,False,False,False,False,False,1.61,
294,25,False,new,15000,,,,2800000,2400000,3100000,comparison_thin,,15,,,,,,,,,,,,,,,high,,income_led,False,False,False,False,False,1.67,
295,25,False,new,25000,,,,4700000,4000000,5200000,comparison_thin,,15,,,,,,,,,,,,,,,high,,income_led,False,False,False,False,False,1.54,
296,25,False,excellent,,,,,2600000,2600000,5300000,comparison_thin,True,15,cost,cost_led,2588828,5300000,3,0.16505882352941176,51,0.62,False,False,0.7,15,ordinary,2588828,high,,,False,False,True,True,False,1.52,
297,25,False,excellent,10000,,,,1900000,1600000,2100000,comparison_thin,,15,,,,,,,,,,,,,,,high,,income_led,False,False,False,False,False,1.57,
298,25,False,excellent,15000,,,,2800000,2400000,3100000,comparison_thin,,15,,,,,,,,,,,,,,,high,,income_led,False,False,False,False,False,1.62,
299,25,False,excellent,25000,,,,4700000,4000000,5200000,comparison_thin,,15,,,,,,,,,,,,,,,high,,income_led,False,False,False,False,False,1.48,
300,25,False,renovated,,,,,2600000,2600000,5300000,comparison_thin,True,15,cost,cost_led,2609901,5300000,3,0.16505882352941176,51,0.62,False,False,0.72,14,ordinary,2609901,high,,,False,False,True,True,False,1.5,
301,25,False,renovated,10000,,,,1900000,1600000,2100000,comparison_thin,,15,,,,,,,,,,,,,,,high,,income_led,False,False,False,False,False,1.58,
302,25,False,renovated,15000,,,,2800000,2400000,3100000,comparison_thin,,15,,,,,,,,,,,,,,,high,,income_led,False,False,False,False,False,1.52,
303,25,False,renovated,25000,,,,4700000,4000000,5200000,comparison_thin,,15,,,,,,,,,,,,,,,high,,income_led,False,False,False,False,False,1.54,
304,25,False,good,,,,,2400000,2400000,5300000,comparison_thin,True,15,cost,cost_led,2441314,5300000,3,0.16505882352941176,51,0.62,False,False,0.56,22,ordinary,2441314,high,,,False,False,True,True,False,1.65,
305,25,False,good,10000,,,,1900000,1600000,2100000,comparison_thin,,15,,,,,,,,,,,,,,,high,,income_led,False,False,False,False,False,1.65,
306,25,False,good,15000,,,,2800000,2400000,3100000,comparison_thin,,15,,,,,,,,,,,,,,,high,,income_led,False,False,False,False,False,1.84,
307,25,False,good,25000,,,,4700000,4000000,5200000,comparison_thin,,15,,,,,,,,,,,,,,,high,,income_led,False,False,False,False,False,1.66,
308,25,False,average,,,,,2400000,2400000,5300000,comparison_thin,True,15,cost,cost_led,2378094,5300000,3,0.16505882352941176,51,0.62,False,False,0.5,25,ordinary,2378094,high,,,False,False,True,True,False,1.61,
309,25,False,average,10000,,,,1900000,1600000,2100000,comparison_thin,,15,,,,,,,,,,,,,,,high,,income_led,False,False,False,False,False,1.52,
310,25,False,average,15000,,,,2800000,2400000,3100000,comparison_thin,,15,,,,,,,,,,,,,,,high,,income_led,False,False,False,False,False,1.7,
311,25,False,average,25000,,,,4700000,4000000,5200000,comparison_thin,,15,,,,,,,,,,,,,,,high,,income_led,False,False,False,False,False,1.66,
312,25,False,fair,,,,,2200000,2200000,5300000,comparison_thin,True,15,cost,cost_led,2230580,5300000,3,0.16505882352941176,51,0.62,False,False,0.36,32,ordinary,2230580,high,,,False,False,True,True,False,1.66,
313,25,False,fair,10000,,,,1900000,1600000,2100000,comparison_thin,,15,,,,,,,,,,,,,,,high,,income_led,False,False,False,False,False,1.58,
314,25,False,fair,15000,,,,2800000,2400000,3100000,comparison_thin,,15,,,,,,,,,,,,,,,high,,income_led,False,False,False,False,False,1.61,
315,25,False,fair,25000,,,,4700000,4000000,5200000,comparison_thin,,15,,,,,,,,,,,,,,,high,,income_led,False,False,False,False,False,1.59,
316,25,False,poor,,,,,2100000,2100000,5300000,comparison_thin,True,15,cost,cost_led,2135750,5300000,3,0.16505882352941176,51,0.62,False,False,0.27,42,ordinary,2135750,high,,,False,False,True,True,False,4.14,
317,25,False,poor,10000,,,,1900000,1600000,2100000,comparison_thin,,15,,,,,,,,,,,,,,,high,,income_led,False,False,False,False,False,1.85,
318,25,False,poor,15000,,,,2800000,2400000,3100000,comparison_thin,,15,,,,,,,,,,,,,,,high,,income_led,False,False,False,False,False,1.58,
319,25,False,poor,25000,,,,4700000,4000000,5200000,comparison_thin,,15,,,,,,,,,,,,,,,high,,income_led,False,False,False,False,False,1.53,
320,25,False,teardown,,,,,1800000,1500000,1900000,comparison_thin,,15,,,,,,,,,,,,,,,high,,,True,False,False,False,False,1.62,
321,25,False,teardown,10000,,,,1800000,1500000,1900000,comparison_thin,,15,,,,,,,,,,,,,,,high,,,True,False,False,False,False,1.88,
322,25,False,teardown,15000,,,,1800000,1500000,1900000,comparison_thin,,15,,,,,,,,,,,,,,,high,,,True,False,False,False,False,1.81,
323,25,False,teardown,25000,,,,1800000,1500000,1900000,comparison_thin,,15,,,,,,,,,,,,,,,high,,,True,False,False,False,False,1.74,
324,25,True,,,,,,2700000,2700000,5300000,comparison_thin,True,15,cost,cost_led,2689405,5300000,3,0.16505882352941176,51,0.62,False,False,0.5,25,luxury,2689405,high,,,False,False,True,True,False,2.55,
325,25,True,,10000,,,,1900000,1600000,2100000,comparison_thin,,15,,,,,,,,,,,,,,,high,,income_led,False,False,False,False,False,3.11,
326,25,True,,15000,,,,2800000,2400000,3100000,comparison_thin,,15,,,,,,,,,,,,,,,high,,income_led,False,False,False,False,False,2.6,
327,25,True,,25000,,,,4700000,4000000,5200000,comparison_thin,,15,,,,,,,,,,,,,,,high,,income_led,False,False,False,False,False,2.83,
328,25,True,new,,,,,5100000,4300000,5500000,comparison_thin,,15,,,,,,,,,,,,,,,high,,,False,True,False,False,False,1.87,
329,25,True,new,10000,,,,5100000,4300000,5500000,comparison_thin,,15,,,,,,,,,,,,,,,high,,,False,True,False,False,False,1.82,
330,25,True,new,15000,,,,5100000,4300000,5500000,comparison_thin,,15,,,,,,,,,,,,,,,high,,,False,True,False,False,False,2.27,
331,25,True,new,25000,,,,5100000,4300000,5500000,comparison_thin,,15,,,,,,,,,,,,,,,high,,,False,True,False,False,False,2.4,
332,25,True,excellent,,,,,3000000,3000000,5300000,comparison_thin,True,15,cost,cost_led,3024663,5300000,3,0.16505882352941176,51,0.62,False,False,0.7,15,luxury,3024663,high,,,False,False,True,True,False,2.11,
333,25,True,excellent,10000,,,,1900000,1600000,2100000,comparison_thin,,15,,,,,,,,,,,,,,,high,,income_led,False,False,False,False,False,2.01,
334,25,True,excellent,15000,,,,2800000,2400000,3100000,comparison_thin,,15,,,,,,,,,,,,,,,high,,income_led,False,False,False,False,False,1.72,
335,25,True,excellent,25000,,,,4700000,4000000,5200000,comparison_thin,,15,,,,,,,,,,,,,,,high,,income_led,False,False,False,False,False,1.51,
336,25,True,renovated,,,,,3100000,3100000,5300000,comparison_thin,True,15,cost,cost_led,3058189,5300000,3,0.16505882352941176,51,0.62,False,False,0.72,14,luxury,3058189,high,,,False,False,True,True,False,1.59,
337,25,True,renovated,10000,,,,1900000,1600000,2100000,comparison_thin,,15,,,,,,,,,,,,,,,high,,income_led,False,False,False,False,False,1.5,
338,25,True,renovated,15000,,,,2800000,2400000,3100000,comparison_thin,,15,,,,,,,,,,,,,,,high,,income_led,False,False,False,False,False,1.48,
339,25,True,renovated,25000,,,,4700000,4000000,5200000,comparison_thin,,15,,,,,,,,,,,,,,,high,,income_led,False,False,False,False,False,2.11,
340,25,True,good,,,,,2800000,2800000,5300000,comparison_thin,True,15,cost,cost_led,2789982,5300000,3,0.16505882352941176,51,0.62,False,False,0.56,22,luxury,2789982,high,,,False,False,True,True,False,1.75,
341,25,True,good,10000,,,,1900000,1600000,2100000,comparison_thin,,15,,,,,,,,,,,,,,,high,,income_led,False,False,False,False,False,1.48,
342,25,True,good,15000,,,,2800000,2400000,3100000,comparison_thin,,15,,,,,,,,,,,,,,,high,,income_led,False,False,False,False,False,1.5,
343,25,True,good,25000,,,,4700000,4000000,5200000,comparison_thin,,15,,,,,,,,,,,,,,,high,,income_led,False,False,False,False,False,1.48,
344,25,True,average,,,,,2700000,2700000,5300000,comparison_thin,True,15,cost,cost_led,2689405,5300000,3,0.16505882352941176,51,0.62,False,False,0.5,25,luxury,2689405,high,,,False,False,True,True,False,1.54,
345,25,True,average,10000,,,,1900000,1600000,2100000,comparison_thin,,15,,,,,,,,,,,,,,,high,,income_led,False,False,False,False,False,1.46,
346,25,True,average,15000,,,,2800000,2400000,3100000,comparison_thin,,15,,,,,,,,,,,,,,,high,,income_led,False,False,False,False,False,1.62,
347,25,True,average,25000,,,,4700000,4000000,5200000,comparison_thin,,15,,,,,,,,,,,,,,,high,,income_led,False,False,False,False,False,1.5,
348,25,True,fair,,,,,2500000,2500000,5300000,comparison_thin,True,15,cost,cost_led,2454724,5300000,3,0.16505882352941176,51,0.62,False,False,0.36,32,luxury,2454724,high,,,False,False,True,True,False,1.51,
349,25,True,fair,10000,,,,1900000,1600000,2100000,comparison_thin,,15,,,,,,,,,,,,,,,high,,income_led,False,False,False,False,False,1.6,
350,25,True,fair,15000,,,,2800000,2400000,3100000,comparison_thin,,15,,,,,,,,,,,,,,,high,,income_led,False,False,False,False,False,1.96,
351,25,True,fair,25000,,,,4700000,4000000,5200000,comparison_thin,,15,,,,,,,,,,,,,,,high,,income_led,False,False,False,False,False,1.51,
352,25,True,poor,,,,,2400000,2400000,5300000,comparison_thin,True,15,cost,cost_led,2370910,5300000,3,0.16505882352941176,51,0.62,False,False,0.31,42,luxury,2370910,high,,,False,False,True,True,False,1.53,
353,25,True,poor,10000,,,,1900000,1600000,2100000,comparison_thin,,15,,,,,,,,,,,,,,,high,,income_led,False,False,False,False,False,1.63,
354,25,True,poor,15000,,,,2800000,2400000,3100000,comparison_thin,,15,,,,,,,,,,,,,,,high,,income_led,False,False,False,False,False,1.55,
355,25,True,poor,25000,,,,4700000,4000000,5200000,comparison_thin,,15,,,,,,,,,,,,,,,high,,income_led,False,False,False,False,False,1.54,
356,25,True,teardown,,,,,1800000,1500000,1900000,comparison_thin,,15,,,,,,,,,,,,,,,high,,,True,False,False,False,False,1.62,
357,25,True,teardown,10000,,,,1800000,1500000,1900000,comparison_thin,,15,,,,,,,,,,,,,,,high,,,True,False,False,False,False,1.61,
358,25,True,teardown,15000,,,,1800000,1500000,1900000,comparison_thin,,15,,,,,,,,,,,,,,,high,,,True,False,False,False,False,1.53,
359,25,True,teardown,25000,,,,1800000,1500000,1900000,comparison_thin,,15,,,,,,,,,,,,,,,high,,,True,False,False,False,False,1.56,
360,30,False,,,,,,2400000,2400000,5200000,comparison_thin,True,15,cost,cost_led,2378094,5200000,3,0.16505882352941176,51,0.62,False,False,0.5,25,ordinary,2378094,high,,,False,False,True,True,False,1.57,
361,30,False,,10000,,,,1900000,1600000,2100000,comparison_thin,,15,,,,,,,,,,,,,,,high,,income_led,False,False,False,False,False,1.47,
362,30,False,,15000,,,,2800000,2400000,3100000,comparison_thin,,15,,,,,,,,,,,,,,,high,,income_led,False,False,False,False,False,1.49,
363,30,False,,25000,,,,4700000,4000000,5200000,comparison_thin,,15,,,,,,,,,,,,,,,high,,income_led,False,False,False,False,False,1.62,
364,30,False,new,,,,,2500000,2500000,5200000,comparison_thin,True,15,cost,cost_led,2546681,5200000,3,0.16505882352941176,51,0.62,False,False,0.66,17,ordinary,2546681,high,,,False,False,True,True,False,1.48,
365,30,False,new,10000,,,,1900000,1600000,2100000,comparison_thin,,15,,,,,,,,,,,,,,,high,,income_led,False,False,False,False,False,1.58,
366,30,False,new,15000,,,,2800000,2400000,3100000,comparison_thin,,15,,,,,,,,,,,,,,,high,,income_led,False,False,False,False,False,1.56,
367,30,False,new,25000,,,,4700000,4000000,5200000,comparison_thin,,15,,,,,,,,,,,,,,,high,,income_led,False,False,False,False,False,1.68,
368,30,False,excellent,,,,,2600000,2600000,5200000,comparison_thin,True,15,cost,cost_led,2588828,5200000,3,0.16505882352941176,51,0.62,False,False,0.7,15,ordinary,2588828,high,,,False,False,True,True,False,1.6,
369,30,False,excellent,10000,,,,1900000,1600000,2100000,comparison_thin,,15,,,,,,,,,,,,,,,high,,income_led,False,False,False,False,False,1.48,
370,30,False,excellent,15000,,,,2800000,2400000,3100000,comparison_thin,,15,,,,,,,,,,,,,,,high,,income_led,False,False,False,False,False,1.57,
371,30,False,excellent,25000,,,,4700000,4000000,5200000,comparison_thin,,15,,,,,,,,,,,,,,,high,,income_led,False,False,False,False,False,1.65,
372,30,False,renovated,,,,,2600000,2600000,5200000,comparison_thin,True,15,cost,cost_led,2609901,5200000,3,0.16505882352941176,51,0.62,False,False,0.72,14,ordinary,2609901,high,,,False,False,True,True,False,1.56,
373,30,False,renovated,10000,,,,1900000,1600000,2100000,comparison_thin,,15,,,,,,,,,,,,,,,high,,income_led,False,False,False,False,False,1.51,
374,30,False,renovated,15000,,,,2800000,2400000,3100000,comparison_thin,,15,,,,,,,,,,,,,,,high,,income_led,False,False,False,False,False,1.72,
375,30,False,renovated,25000,,,,4700000,4000000,5200000,comparison_thin,,15,,,,,,,,,,,,,,,high,,income_led,False,False,False,False,False,1.86,
376,30,False,good,,,,,2400000,2400000,5200000,comparison_thin,True,15,cost,cost_led,2441314,5200000,3,0.16505882352941176,51,0.62,False,False,0.56,22,ordinary,2441314,high,,,False,False,True,True,False,1.93,
377,30,False,good,10000,,,,1900000,1600000,2100000,comparison_thin,,15,,,,,,,,,,,,,,,high,,income_led,False,False,False,False,False,1.82,
378,30,False,good,15000,,,,2800000,2400000,3100000,comparison_thin,,15,,,,,,,,,,,,,,,high,,income_led,False,False,False,False,False,2.2,
379,30,False,good,25000,,,,4700000,4000000,5200000,comparison_thin,,15,,,,,,,,,,,,,,,high,,income_led,False,False,False,False,False,1.7,
380,30,False,average,,,,,2400000,2400000,5200000,comparison_thin,True,15,cost,cost_led,2378094,5200000,3,0.16505882352941176,51,0.62,False,False,0.5,25,ordinary,2378094,high,,,False,False,True,True,False,6.03,
381,30,False,average,10000,,,,1900000,1600000,2100000,comparison_thin,,15,,,,,,,,,,,,,,,high,,income_led,False,False,False,False,False,3.94,
382,30,False,average,15000,,,,2800000,2400000,3100000,comparison_thin,,15,,,,,,,,,,,,,,,high,,income_led,False,False,False,False,False,3.0,
383,30,False,average,25000,,,,4700000,4000000,5200000,comparison_thin,,15,,,,,,,,,,,,,,,high,,income_led,False,False,False,False,False,2.48,
384,30,False,fair,,,,,2200000,2200000,5200000,comparison_thin,True,15,cost,cost_led,2230580,5200000,3,0.16505882352941176,51,0.62,False,False,0.36,32,ordinary,2230580,high,,,False,False,True,True,False,3.39,
385,30,False,fair,10000,,,,1900000,1600000,2100000,comparison_thin,,15,,,,,,,,,,,,,,,high,,income_led,False,False,False,False,False,3.38,
386,30,False,fair,15000,,,,2800000,2400000,3100000,comparison_thin,,15,,,,,,,,,,,,,,,high,,income_led,False,False,False,False,False,2.95,
387,30,False,fair,25000,,,,4700000,4000000,5200000,comparison_thin,,15,,,,,,,,,,,,,,,high,,income_led,False,False,False,False,False,2.5,
388,30,False,poor,,,,,2100000,2100000,5200000,comparison_thin,True,15,cost,cost_led,2135750,5200000,3,0.16505882352941176,51,0.62,False,False,0.27,42,ordinary,2135750,high,,,False,False,True,True,False,3.13,
389,30,False,poor,10000,,,,1900000,1600000,2100000,comparison_thin,,15,,,,,,,,,,,,,,,high,,income_led,False,False,False,False,False,2.91,
390,30,False,poor,15000,,,,2800000,2400000,3100000,comparison_thin,,15,,,,,,,,,,,,,,,high,,income_led,False,False,False,False,False,2.93,
391,30,False,poor,25000,,,,4700000,4000000,5200000,comparison_thin,,15,,,,,,,,,,,,,,,high,,income_led,False,False,False,False,False,2.71,
392,30,False,teardown,,,,,1800000,1500000,1900000,comparison_thin,,15,,,,,,,,,,,,,,,high,,,True,False,False,False,False,2.46,
393,30,False,teardown,10000,,,,1800000,1500000,1900000,comparison_thin,,15,,,,,,,,,,,,,,,high,,,True,False,False,False,False,2.7,
394,30,False,teardown,15000,,,,1800000,1500000,1900000,comparison_thin,,15,,,,,,,,,,,,,,,high,,,True,False,False,False,False,2.95,
395,30,False,teardown,25000,,,,1800000,1500000,1900000,comparison_thin,,15,,,,,,,,,,,,,,,high,,,True,False,False,False,False,2.73,
396,30,True,,,,,,2700000,2700000,5200000,comparison_thin,True,15,cost,cost_led,2689405,5200000,3,0.16505882352941176,51,0.62,False,False,0.5,25,luxury,2689405,high,,,False,False,True,True,False,2.87,
397,30,True,,10000,,,,1900000,1600000,2100000,comparison_thin,,15,,,,,,,,,,,,,,,high,,income_led,False,False,False,False,False,3.15,
398,30,True,,15000,,,,2800000,2400000,3100000,comparison_thin,,15,,,,,,,,,,,,,,,high,,income_led,False,False,False,False,False,2.82,
399,30,True,,25000,,,,4700000,4000000,5200000,comparison_thin,,15,,,,,,,,,,,,,,,high,,income_led,False,False,False,False,False,2.91,
400,30,True,new,,,,,5100000,4300000,5500000,comparison_thin,,15,,,,,,,,,,,,,,,high,,,False,True,False,False,False,3.01,
401,30,True,new,10000,,,,5100000,4300000,5500000,comparison_thin,,15,,,,,,,,,,,,,,,high,,,False,True,False,False,False,2.92,
402,30,True,new,15000,,,,5100000,4300000,5500000,comparison_thin,,15,,,,,,,,,,,,,,,high,,,False,True,False,False,False,2.49,
403,30,True,new,25000,,,,5100000,4300000,5500000,comparison_thin,,15,,,,,,,,,,,,,,,high,,,False,True,False,False,False,2.47,
404,30,True,excellent,,,,,3000000,3000000,5200000,comparison_thin,True,15,cost,cost_led,3024663,5200000,3,0.16505882352941176,51,0.62,False,False,0.7,15,luxury,3024663,high,,,False,False,True,True,False,2.58,
405,30,True,excellent,10000,,,,1900000,1600000,2100000,comparison_thin,,15,,,,,,,,,,,,,,,high,,income_led,False,False,False,False,False,2.92,
406,30,True,excellent,15000,,,,2800000,2400000,3100000,comparison_thin,,15,,,,,,,,,,,,,,,high,,income_led,False,False,False,False,False,2.69,
407,30,True,excellent,25000,,,,4700000,4000000,5200000,comparison_thin,,15,,,,,,,,,,,,,,,high,,income_led,False,False,False,False,False,2.65,
408,30,True,renovated,,,,,3100000,3100000,5200000,comparison_thin,True,15,cost,cost_led,3058189,5200000,3,0.16505882352941176,51,0.62,False,False,0.72,14,luxury,3058189,high,,,False,False,True,True,False,3.02,
409,30,True,renovated,10000,,,,1900000,1600000,2100000,comparison_thin,,15,,,,,,,,,,,,,,,high,,income_led,False,False,False,False,False,3.08,
410,30,True,renovated,15000,,,,2800000,2400000,3100000,comparison_thin,,15,,,,,,,,,,,,,,,high,,income_led,False,False,False,False,False,2.74,
411,30,True,renovated,25000,,,,4700000,4000000,5200000,comparison_thin,,15,,,,,,,,,,,,,,,high,,income_led,False,False,False,False,False,2.6,
412,30,True,good,,,,,2800000,2800000,5200000,comparison_thin,True,15,cost,cost_led,2789982,5200000,3,0.16505882352941176,51,0.62,False,False,0.56,22,luxury,2789982,high,,,False,False,True,True,False,2.85,
413,30,True,good,10000,,,,1900000,1600000,2100000,comparison_thin,,15,,,,,,,,,,,,,,,high,,income_led,False,False,False,False,False,2.57,
414,30,True,good,15000,,,,2800000,2400000,3100000,comparison_thin,,15,,,,,,,,,,,,,,,high,,income_led,False,False,False,False,False,2.59,
415,30,True,good,25000,,,,4700000,4000000,5200000,comparison_thin,,15,,,,,,,,,,,,,,,high,,income_led,False,False,False,False,False,2.52,
416,30,True,average,,,,,2700000,2700000,5200000,comparison_thin,True,15,cost,cost_led,2689405,5200000,3,0.16505882352941176,51,0.62,False,False,0.5,25,luxury,2689405,high,,,False,False,True,True,False,2.57,
417,30,True,average,10000,,,,1900000,1600000,2100000,comparison_thin,,15,,,,,,,,,,,,,,,high,,income_led,False,False,False,False,False,2.97,
418,30,True,average,15000,,,,2800000,2400000,3100000,comparison_thin,,15,,,,,,,,,,,,,,,high,,income_led,False,False,False,False,False,2.75,
419,30,True,average,25000,,,,4700000,4000000,5200000,comparison_thin,,15,,,,,,,,,,,,,,,high,,income_led,False,False,False,False,False,2.7,
420,30,True,fair,,,,,2500000,2500000,5200000,comparison_thin,True,15,cost,cost_led,2454724,5200000,3,0.16505882352941176,51,0.62,False,False,0.36,32,luxury,2454724,high,,,False,False,True,True,False,2.51,
421,30,True,fair,10000,,,,1900000,1600000,2100000,comparison_thin,,15,,,,,,,,,,,,,,,high,,income_led,False,False,False,False,False,2.83,
422,30,True,fair,15000,,,,2800000,2400000,3100000,comparison_thin,,15,,,,,,,,,,,,,,,high,,income_led,False,False,False,False,False,2.73,
423,30,True,fair,25000,,,,4700000,4000000,5200000,comparison_thin,,15,,,,,,,,,,,,,,,high,,income_led,False,False,False,False,False,2.53,
424,30,True,poor,,,,,2400000,2400000,5200000,comparison_thin,True,15,cost,cost_led,2370910,5200000,3,0.16505882352941176,51,0.62,False,False,0.31,42,luxury,2370910,high,,,False,False,True,True,False,2.57,
425,30,True,poor,10000,,,,1900000,1600000,2100000,comparison_thin,,15,,,,,,,,,,,,,,,high,,income_led,False,False,False,False,False,2.62,
426,30,True,poor,15000,,,,2800000,2400000,3100000,comparison_thin,,15,,,,,,,,,,,,,,,high,,income_led,False,False,False,False,False,2.68,
427,30,True,poor,25000,,,,4700000,4000000,5200000,comparison_thin,,15,,,,,,,,,,,,,,,high,,income_led,False,False,False,False,False,2.8,
428,30,True,teardown,,,,,1800000,1500000,1900000,comparison_thin,,15,,,,,,,,,,,,,,,high,,,True,False,False,False,False,2.65,
429,30,True,teardown,10000,,,,1800000,1500000,1900000,comparison_thin,,15,,,,,,,,,,,,,,,high,,,True,False,False,False,False,3.28,
430,30,True,teardown,15000,,,,1800000,1500000,1900000,comparison_thin,,15,,,,,,,,,,,,,,,high,,,True,False,False,False,False,2.66,
431,30,True,teardown,25000,,,,1800000,1500000,1900000,comparison_thin,,15,,,,,,,,,,,,,,,high,,,True,False,False,False,False,2.66,
432,40,False,,,,,,2400000,2400000,5200000,comparison_thin,True,15,cost,cost_led,2378094,5200000,3,0.16505882352941176,51,0.62,False,False,0.5,25,ordinary,2378094,high,,,False,False,True,True,False,2.68,
433,40,False,,10000,,,,1900000,1600000,2100000,comparison_thin,,15,,,,,,,,,,,,,,,high,,income_led,False,False,False,False,False,2.66,
434,40,False,,15000,,,,2800000,2400000,3100000,comparison_thin,,15,,,,,,,,,,,,,,,high,,income_led,False,False,False,False,False,2.56,
435,40,False,,25000,,,,4700000,4000000,5200000,comparison_thin,,15,,,,,,,,,,,,,,,high,,income_led,False,False,False,False,False,2.66,
436,40,False,new,,,,,2500000,2500000,5200000,comparison_thin,True,15,cost,cost_led,2546681,5200000,3,0.16505882352941176,51,0.62,False,False,0.66,17,ordinary,2546681,high,,,False,False,True,True,False,3.01,
437,40,False,new,10000,,,,1900000,1600000,2100000,comparison_thin,,15,,,,,,,,,,,,,,,high,,income_led,False,False,False,False,False,2.68,
438,40,False,new,15000,,,,2800000,2400000,3100000,comparison_thin,,15,,,,,,,,,,,,,,,high,,income_led,False,False,False,False,False,3.35,
439,40,False,new,25000,,,,4700000,4000000,5200000,comparison_thin,,15,,,,,,,,,,,,,,,high,,income_led,False,False,False,False,False,2.8,
440,40,False,excellent,,,,,2600000,2600000,5200000,comparison_thin,True,15,cost,cost_led,2588828,5200000,3,0.16505882352941176,51,0.62,False,False,0.7,15,ordinary,2588828,high,,,False,False,True,True,False,3.08,
441,40,False,excellent,10000,,,,1900000,1600000,2100000,comparison_thin,,15,,,,,,,,,,,,,,,high,,income_led,False,False,False,False,False,2.82,
442,40,False,excellent,15000,,,,2800000,2400000,3100000,comparison_thin,,15,,,,,,,,,,,,,,,high,,income_led,False,False,False,False,False,2.51,
443,40,False,excellent,25000,,,,4700000,4000000,5200000,comparison_thin,,15,,,,,,,,,,,,,,,high,,income_led,False,False,False,False,False,2.86,
444,40,False,renovated,,,,,2600000,2600000,5200000,comparison_thin,True,15,cost,cost_led,2609901,5200000,3,0.16505882352941176,51,0.62,False,False,0.72,14,ordinary,2609901,high,,,False,False,True,True,False,3.14,
445,40,False,renovated,10000,,,,1900000,1600000,2100000,comparison_thin,,15,,,,,,,,,,,,,,,high,,income_led,False,False,False,False,False,2.86,
446,40,False,renovated,15000,,,,2800000,2400000,3100000,comparison_thin,,15,,,,,,,,,,,,,,,high,,income_led,False,False,False,False,False,3.08,
447,40,False,renovated,25000,,,,4700000,4000000,5200000,comparison_thin,,15,,,,,,,,,,,,,,,high,,income_led,False,False,False,False,False,2.77,
448,40,False,good,,,,,2400000,2400000,5200000,comparison_thin,True,15,cost,cost_led,2441314,5200000,3,0.16505882352941176,51,0.62,False,False,0.56,22,ordinary,2441314,high,,,False,False,True,True,False,2.83,
449,40,False,good,10000,,,,1900000,1600000,2100000,comparison_thin,,15,,,,,,,,,,,,,,,high,,income_led,False,False,False,False,False,2.82,
450,40,False,good,15000,,,,2800000,2400000,3100000,comparison_thin,,15,,,,,,,,,,,,,,,high,,income_led,False,False,False,False,False,2.48,
451,40,False,good,25000,,,,4700000,4000000,5200000,comparison_thin,,15,,,,,,,,,,,,,,,high,,income_led,False,False,False,False,False,2.9,
452,40,False,average,,,,,2400000,2400000,5200000,comparison_thin,True,15,cost,cost_led,2378094,5200000,3,0.16505882352941176,51,0.62,False,False,0.5,25,ordinary,2378094,high,,,False,False,True,True,False,2.58,
453,40,False,average,10000,,,,1900000,1600000,2100000,comparison_thin,,15,,,,,,,,,,,,,,,high,,income_led,False,False,False,False,False,3.04,
454,40,False,average,15000,,,,2800000,2400000,3100000,comparison_thin,,15,,,,,,,,,,,,,,,high,,income_led,False,False,False,False,False,4.08,
455,40,False,average,25000,,,,4700000,4000000,5200000,comparison_thin,,15,,,,,,,,,,,,,,,high,,income_led,False,False,False,False,False,3.1,
456,40,False,fair,,,,,2200000,2200000,5200000,comparison_thin,True,15,cost,cost_led,2230580,5200000,3,0.16505882352941176,51,0.62,False,False,0.36,32,ordinary,2230580,high,,,False,False,True,True,False,3.43,
457,40,False,fair,10000,,,,1900000,1600000,2100000,comparison_thin,,15,,,,,,,,,,,,,,,high,,income_led,False,False,False,False,False,2.62,
458,40,False,fair,15000,,,,2800000,2400000,3100000,comparison_thin,,15,,,,,,,,,,,,,,,high,,income_led,False,False,False,False,False,3.2,
459,40,False,fair,25000,,,,4700000,4000000,5200000,comparison_thin,,15,,,,,,,,,,,,,,,high,,income_led,False,False,False,False,False,1.9,
460,40,False,poor,,,,,2100000,2100000,5200000,comparison_thin,True,15,cost,cost_led,2135750,5200000,3,0.16505882352941176,51,0.62,False,False,0.27,42,ordinary,2135750,high,,,False,False,True,True,False,2.2,
461,40,False,poor,10000,,,,1900000,1600000,2100000,comparison_thin,,15,,,,,,,,,,,,,,,high,,income_led,False,False,False,False,False,2.07,
462,40,False,poor,15000,,,,2800000,2400000,3100000,comparison_thin,,15,,,,,,,,,,,,,,,high,,income_led,False,False,False,False,False,1.67,
463,40,False,poor,25000,,,,4700000,4000000,5200000,comparison_thin,,15,,,,,,,,,,,,,,,high,,income_led,False,False,False,False,False,2.4,
464,40,False,teardown,,,,,1800000,1500000,1900000,comparison_thin,,15,,,,,,,,,,,,,,,high,,,True,False,False,False,False,1.81,
465,40,False,teardown,10000,,,,1800000,1500000,1900000,comparison_thin,,15,,,,,,,,,,,,,,,high,,,True,False,False,False,False,2.59,
466,40,False,teardown,15000,,,,1800000,1500000,1900000,comparison_thin,,15,,,,,,,,,,,,,,,high,,,True,False,False,False,False,2.91,
467,40,False,teardown,25000,,,,1800000,1500000,1900000,comparison_thin,,15,,,,,,,,,,,,,,,high,,,True,False,False,False,False,1.7,
468,40,True,,,,,,2700000,2700000,5200000,comparison_thin,True,15,cost,cost_led,2689405,5200000,3,0.16505882352941176,51,0.62,False,False,0.5,25,luxury,2689405,high,,,False,False,True,True,False,1.92,
469,40,True,,10000,,,,1900000,1600000,2100000,comparison_thin,,15,,,,,,,,,,,,,,,high,,income_led,False,False,False,False,False,1.72,
470,40,True,,15000,,,,2800000,2400000,3100000,comparison_thin,,15,,,,,,,,,,,,,,,high,,income_led,False,False,False,False,False,1.6,
471,40,True,,25000,,,,4700000,4000000,5200000,comparison_thin,,15,,,,,,,,,,,,,,,high,,income_led,False,False,False,False,False,1.82,
472,40,True,new,,,,,5100000,4300000,5500000,comparison_thin,,15,,,,,,,,,,,,,,,high,,,False,True,False,False,False,1.83,
473,40,True,new,10000,,,,5100000,4300000,5500000,comparison_thin,,15,,,,,,,,,,,,,,,high,,,False,True,False,False,False,1.62,
474,40,True,new,15000,,,,5100000,4300000,5500000,comparison_thin,,15,,,,,,,,,,,,,,,high,,,False,True,False,False,False,1.65,
475,40,True,new,25000,,,,5100000,4300000,5500000,comparison_thin,,15,,,,,,,,,,,,,,,high,,,False,True,False,False,False,1.64,
476,40,True,excellent,,,,,3000000,3000000,5200000,comparison_thin,True,15,cost,cost_led,3024663,5200000,3,0.16505882352941176,51,0.62,False,False,0.7,15,luxury,3024663,high,,,False,False,True,True,False,1.64,
477,40,True,excellent,10000,,,,1900000,1600000,2100000,comparison_thin,,15,,,,,,,,,,,,,,,high,,income_led,False,False,False,False,False,1.58,
478,40,True,excellent,15000,,,,2800000,2400000,3100000,comparison_thin,,15,,,,,,,,,,,,,,,high,,income_led,False,False,False,False,False,1.67,
479,40,True,excellent,25000,,,,4700000,4000000,5200000,comparison_thin,,15,,,,,,,,,,,,,,,high,,income_led,False,False,False,False,False,1.88,
480,40,True,renovated,,,,,3100000,3100000,5200000,comparison_thin,True,15,cost,cost_led,3058189,5200000,3,0.16505882352941176,51,0.62,False,False,0.72,14,luxury,3058189,high,,,False,False,True,True,False,1.74,
481,40,True,renovated,10000,,,,1900000,1600000,2100000,comparison_thin,,15,,,,,,,,,,,,,,,high,,income_led,False,False,False,False,False,1.72,
482,40,True,renovated,15000,,,,2800000,2400000,3100000,comparison_thin,,15,,,,,,,,,,,,,,,high,,income_led,False,False,False,False,False,1.6,
483,40,True,renovated,25000,,,,4700000,4000000,5200000,comparison_thin,,15,,,,,,,,,,,,,,,high,,income_led,False,False,False,False,False,1.76,
484,40,True,good,,,,,2800000,2800000,5200000,comparison_thin,True,15,cost,cost_led,2789982,5200000,3,0.16505882352941176,51,0.62,False,False,0.56,22,luxury,2789982,high,,,False,False,True,True,False,1.68,
485,40,True,good,10000,,,,1900000,1600000,2100000,comparison_thin,,15,,,,,,,,,,,,,,,high,,income_led,False,False,False,False,False,1.7,
486,40,True,good,15000,,,,2800000,2400000,3100000,comparison_thin,,15,,,,,,,,,,,,,,,high,,income_led,False,False,False,False,False,2.05,
487,40,True,good,25000,,,,4700000,4000000,5200000,comparison_thin,,15,,,,,,,,,,,,,,,high,,income_led,False,False,False,False,False,1.85,
488,40,True,average,,,,,2700000,2700000,5200000,comparison_thin,True,15,cost,cost_led,2689405,5200000,3,0.16505882352941176,51,0.62,False,False,0.5,25,luxury,2689405,high,,,False,False,True,True,False,1.67,
489,40,True,average,10000,,,,1900000,1600000,2100000,comparison_thin,,15,,,,,,,,,,,,,,,high,,income_led,False,False,False,False,False,1.63,
490,40,True,average,15000,,,,2800000,2400000,3100000,comparison_thin,,15,,,,,,,,,,,,,,,high,,income_led,False,False,False,False,False,1.75,
491,40,True,average,25000,,,,4700000,4000000,5200000,comparison_thin,,15,,,,,,,,,,,,,,,high,,income_led,False,False,False,False,False,1.77,
492,40,True,fair,,,,,2500000,2500000,5200000,comparison_thin,True,15,cost,cost_led,2454724,5200000,3,0.16505882352941176,51,0.62,False,False,0.36,32,luxury,2454724,high,,,False,False,True,True,False,1.92,
493,40,True,fair,10000,,,,1900000,1600000,2100000,comparison_thin,,15,,,,,,,,,,,,,,,high,,income_led,False,False,False,False,False,1.75,
494,40,True,fair,15000,,,,2800000,2400000,3100000,comparison_thin,,15,,,,,,,,,,,,,,,high,,income_led,False,False,False,False,False,1.67,
495,40,True,fair,25000,,,,4700000,4000000,5200000,comparison_thin,,15,,,,,,,,,,,,,,,high,,income_led,False,False,False,False,False,1.6,
496,40,True,poor,,,,,2400000,2400000,5200000,comparison_thin,True,15,cost,cost_led,2370910,5200000,3,0.16505882352941176,51,0.62,False,False,0.31,42,luxury,2370910,high,,,False,False,True,True,False,1.61,
497,40,True,poor,10000,,,,1900000,1600000,2100000,comparison_thin,,15,,,,,,,,,,,,,,,high,,income_led,False,False,False,False,False,1.61,
498,40,True,poor,15000,,,,2800000,2400000,3100000,comparison_thin,,15,,,,,,,,,,,,,,,high,,income_led,False,False,False,False,False,1.6,
499,40,True,poor,25000,,,,4700000,4000000,5200000,comparison_thin,,15,,,,,,,,,,,,,,,high,,income_led,False,False,False,False,False,1.69,
500,40,True,teardown,,,,,1800000,1500000,1900000,comparison_thin,,15,,,,,,,,,,,,,,,high,,,True,False,False,False,False,1.77,
501,40,True,teardown,10000,,,,1800000,1500000,1900000,comparison_thin,,15,,,,,,,,,,,,,,,high,,,True,False,False,False,False,1.71,
502,40,True,teardown,15000,,,,1800000,1500000,1900000,comparison_thin,,15,,,,,,,,,,,,,,,high,,,True,False,False,False,False,1.86,
503,40,True,teardown,25000,,,,1800000,1500000,1900000,comparison_thin,,15,,,,,,,,,,,,,,,high,,,True,False,False,False,False,1.69,
504,50,False,,,,,,2400000,2400000,5200000,comparison_thin,True,15,cost,cost_led,2378094,5200000,3,0.16505882352941176,51,0.62,False,False,0.5,25,ordinary,2378094,high,,,False,False,True,True,False,1.73,
505,50,False,,10000,,,,1900000,1600000,2100000,comparison_thin,,15,,,,,,,,,,,,,,,high,,income_led,False,False,False,False,False,1.82,
506,50,False,,15000,,,,2800000,2400000,3100000,comparison_thin,,15,,,,,,,,,,,,,,,high,,income_led,False,False,False,False,False,1.6,
507,50,False,,25000,,,,4700000,4000000,5200000,comparison_thin,,15,,,,,,,,,,,,,,,high,,income_led,False,False,False,False,False,1.54,
508,50,False,new,,,,,2500000,2500000,5200000,comparison_thin,True,15,cost,cost_led,2546681,5200000,3,0.16505882352941176,51,0.62,False,False,0.66,17,ordinary,2546681,high,,,False,False,True,True,False,1.58,
509,50,False,new,10000,,,,1900000,1600000,2100000,comparison_thin,,15,,,,,,,,,,,,,,,high,,income_led,False,False,False,False,False,1.72,
510,50,False,new,15000,,,,2800000,2400000,3100000,comparison_thin,,15,,,,,,,,,,,,,,,high,,income_led,False,False,False,False,False,1.66,
511,50,False,new,25000,,,,4700000,4000000,5200000,comparison_thin,,15,,,,,,,,,,,,,,,high,,income_led,False,False,False,False,False,1.64,
512,50,False,excellent,,,,,2600000,2600000,5200000,comparison_thin,True,15,cost,cost_led,2588828,5200000,3,0.16505882352941176,51,0.62,False,False,0.7,15,ordinary,2588828,high,,,False,False,True,True,False,1.57,
513,50,False,excellent,10000,,,,1900000,1600000,2100000,comparison_thin,,15,,,,,,,,,,,,,,,high,,income_led,False,False,False,False,False,1.6,
514,50,False,excellent,15000,,,,2800000,2400000,3100000,comparison_thin,,15,,,,,,,,,,,,,,,high,,income_led,False,False,False,False,False,1.56,
515,50,False,excellent,25000,,,,4700000,4000000,5200000,comparison_thin,,15,,,,,,,,,,,,,,,high,,income_led,False,False,False,False,False,1.74,
516,50,False,renovated,,,,,2600000,2600000,5200000,comparison_thin,True,15,cost,cost_led,2609901,5200000,3,0.16505882352941176,51,0.62,False,False,0.72,14,ordinary,2609901,high,,,False,False,True,True,False,1.69,
517,50,False,renovated,10000,,,,1900000,1600000,2100000,comparison_thin,,15,,,,,,,,,,,,,,,high,,income_led,False,False,False,False,False,1.98,
518,50,False,renovated,15000,,,,2800000,2400000,3100000,comparison_thin,,15,,,,,,,,,,,,,,,high,,income_led,False,False,False,False,False,1.76,
519,50,False,renovated,25000,,,,4700000,4000000,5200000,comparison_thin,,15,,,,,,,,,,,,,,,high,,income_led,False,False,False,False,False,1.67,
520,50,False,good,,,,,2400000,2400000,5200000,comparison_thin,True,15,cost,cost_led,2441314,5200000,3,0.16505882352941176,51,0.62,False,False,0.56,22,ordinary,2441314,high,,,False,False,True,True,False,1.73,
521,50,False,good,10000,,,,1900000,1600000,2100000,comparison_thin,,15,,,,,,,,,,,,,,,high,,income_led,False,False,False,False,False,1.88,
522,50,False,good,15000,,,,2800000,2400000,3100000,comparison_thin,,15,,,,,,,,,,,,,,,high,,income_led,False,False,False,False,False,1.69,
523,50,False,good,25000,,,,4700000,4000000,5200000,comparison_thin,,15,,,,,,,,,,,,,,,high,,income_led,False,False,False,False,False,1.84,
524,50,False,average,,,,,2400000,2400000,5200000,comparison_thin,True,15,cost,cost_led,2378094,5200000,3,0.16505882352941176,51,0.62,False,False,0.5,25,ordinary,2378094,high,,,False,False,True,True,False,1.69,
525,50,False,average,10000,,,,1900000,1600000,2100000,comparison_thin,,15,,,,,,,,,,,,,,,high,,income_led,False,False,False,False,False,1.62,
526,50,False,average,15000,,,,2800000,2400000,3100000,comparison_thin,,15,,,,,,,,,,,,,,,high,,income_led,False,False,False,False,False,1.77,
527,50,False,average,25000,,,,4700000,4000000,5200000,comparison_thin,,15,,,,,,,,,,,,,,,high,,income_led,False,False,False,False,False,1.62,
528,50,False,fair,,,,,2200000,2200000,5200000,comparison_thin,True,15,cost,cost_led,2230580,5200000,3,0.16505882352941176,51,0.62,False,False,0.36,32,ordinary,2230580,high,,,False,False,True,True,False,1.88,
529,50,False,fair,10000,,,,1900000,1600000,2100000,comparison_thin,,15,,,,,,,,,,,,,,,high,,income_led,False,False,False,False,False,1.87,
530,50,False,fair,15000,,,,2800000,2400000,3100000,comparison_thin,,15,,,,,,,,,,,,,,,high,,income_led,False,False,False,False,False,1.66,
531,50,False,fair,25000,,,,4700000,4000000,5200000,comparison_thin,,15,,,,,,,,,,,,,,,high,,income_led,False,False,False,False,False,1.79,
532,50,False,poor,,,,,2100000,2100000,5200000,comparison_thin,True,15,cost,cost_led,2135750,5200000,3,0.16505882352941176,51,0.62,False,False,0.27,42,ordinary,2135750,high,,,False,False,True,True,False,1.7,
533,50,False,poor,10000,,,,1900000,1600000,2100000,comparison_thin,,15,,,,,,,,,,,,,,,high,,income_led,False,False,False,False,False,1.84,
534,50,False,poor,15000,,,,2800000,2400000,3100000,comparison_thin,,15,,,,,,,,,,,,,,,high,,income_led,False,False,False,False,False,1.64,
535,50,False,poor,25000,,,,4700000,4000000,5200000,comparison_thin,,15,,,,,,,,,,,,,,,high,,income_led,False,False,False,False,False,1.65,
536,50,False,teardown,,,,,1800000,1500000,1900000,comparison_thin,,15,,,,,,,,,,,,,,,high,,,True,False,False,False,False,1.67,
537,50,False,teardown,10000,,,,1800000,1500000,1900000,comparison_thin,,15,,,,,,,,,,,,,,,high,,,True,False,False,False,False,1.54,
538,50,False,teardown,15000,,,,1800000,1500000,1900000,comparison_thin,,15,,,,,,,,,,,,,,,high,,,True,False,False,False,False,1.62,
539,50,False,teardown,25000,,,,1800000,1500000,1900000,comparison_thin,,15,,,,,,,,,,,,,,,high,,,True,False,False,False,False,3.07,
540,50,True,,,,,,2700000,2700000,5200000,comparison_thin,True,15,cost,cost_led,2689405,5200000,3,0.16505882352941176,51,0.62,False,False,0.5,25,luxury,2689405,high,,,False,False,True,True,False,2.21,
541,50,True,,10000,,,,1900000,1600000,2100000,comparison_thin,,15,,,,,,,,,,,,,,,high,,income_led,False,False,False,False,False,2.01,
542,50,True,,15000,,,,2800000,2400000,3100000,comparison_thin,,15,,,,,,,,,,,,,,,high,,income_led,False,False,False,False,False,2.64,
543,50,True,,25000,,,,4700000,4000000,5200000,comparison_thin,,15,,,,,,,,,,,,,,,high,,income_led,False,False,False,False,False,2.32,
544,50,True,new,,,,,5100000,4300000,5500000,comparison_thin,,15,,,,,,,,,,,,,,,high,,,False,True,False,False,False,3.66,
545,50,True,new,10000,,,,5100000,4300000,5500000,comparison_thin,,15,,,,,,,,,,,,,,,high,,,False,True,False,False,False,11.27,
546,50,True,new,15000,,,,5100000,4300000,5500000,comparison_thin,,15,,,,,,,,,,,,,,,high,,,False,True,False,False,False,3.15,
547,50,True,new,25000,,,,5100000,4300000,5500000,comparison_thin,,15,,,,,,,,,,,,,,,high,,,False,True,False,False,False,2.8,
548,50,True,excellent,,,,,3000000,3000000,5200000,comparison_thin,True,15,cost,cost_led,3024663,5200000,3,0.16505882352941176,51,0.62,False,False,0.7,15,luxury,3024663,high,,,False,False,True,True,False,2.55,
549,50,True,excellent,10000,,,,1900000,1600000,2100000,comparison_thin,,15,,,,,,,,,,,,,,,high,,income_led,False,False,False,False,False,2.57,
550,50,True,excellent,15000,,,,2800000,2400000,3100000,comparison_thin,,15,,,,,,,,,,,,,,,high,,income_led,False,False,False,False,False,2.96,
551,50,True,excellent,25000,,,,4700000,4000000,5200000,comparison_thin,,15,,,,,,,,,,,,,,,high,,income_led,False,False,False,False,False,2.81,
552,50,True,renovated,,,,,3100000,3100000,5200000,comparison_thin,True,15,cost,cost_led,3058189,5200000,3,0.16505882352941176,51,0.62,False,False,0.72,14,luxury,3058189,high,,,False,False,True,True,False,1.86,
553,50,True,renovated,10000,,,,1900000,1600000,2100000,comparison_thin,,15,,,,,,,,,,,,,,,high,,income_led,False,False,False,False,False,1.88,
554,50,True,renovated,15000,,,,2800000,2400000,3100000,comparison_thin,,15,,,,,,,,,,,,,,,high,,income_led,False,False,False,False,False,2.14,
555,50,True,renovated,25000,,,,4700000,4000000,5200000,comparison_thin,,15,,,,,,,,,,,,,,,high,,income_led,False,False,False,False,False,2.34,
556,50,True,good,,,,,2800000,2800000,5200000,comparison_thin,True,15,cost,cost_led,2789982,5200000,3,0.16505882352941176,51,0.62,False,False,0.56,22,luxury,2789982,high,,,False,False,True,True,False,2.24,
557,50,True,good,10000,,,,1900000,1600000,2100000,comparison_thin,,15,,,,,,,,,,,,,,,high,,income_led,False,False,False,False,False,1.79,
558,50,True,good,15000,,,,2800000,2400000,3100000,comparison_thin,,15,,,,,,,,,,,,,,,high,,income_led,False,False,False,False,False,2.5,
559,50,True,good,25000,,,,4700000,4000000,5200000,comparison_thin,,15,,,,,,,,,,,,,,,high,,income_led,False,False,False,False,False,2.76,
560,50,True,average,,,,,2700000,2700000,5200000,comparison_thin,True,15,cost,cost_led,2689405,5200000,3,0.16505882352941176,51,0.62,False,False,0.5,25,luxury,2689405,high,,,False,False,True,True,False,2.65,
561,50,True,average,10000,,,,1900000,1600000,2100000,comparison_thin,,15,,,,,,,,,,,,,,,high,,income_led,False,False,False,False,False,2.44,
562,50,True,average,15000,,,,2800000,2400000,3100000,comparison_thin,,15,,,,,,,,,,,,,,,high,,income_led,False,False,False,False,False,2.69,
563,50,True,average,25000,,,,4700000,4000000,5200000,comparison_thin,,15,,,,,,,,,,,,,,,high,,income_led,False,False,False,False,False,2.36,
564,50,True,fair,,,,,2500000,2500000,5200000,comparison_thin,True,15,cost,cost_led,2454724,5200000,3,0.16505882352941176,51,0.62,False,False,0.36,32,luxury,2454724,high,,,False,False,True,True,False,2.53,
565,50,True,fair,10000,,,,1900000,1600000,2100000,comparison_thin,,15,,,,,,,,,,,,,,,high,,income_led,False,False,False,False,False,2.42,
566,50,True,fair,15000,,,,2800000,2400000,3100000,comparison_thin,,15,,,,,,,,,,,,,,,high,,income_led,False,False,False,False,False,2.76,
567,50,True,fair,25000,,,,4700000,4000000,5200000,comparison_thin,,15,,,,,,,,,,,,,,,high,,income_led,False,False,False,False,False,2.36,
568,50,True,poor,,,,,2400000,2400000,5200000,comparison_thin,True,15,cost,cost_led,2370910,5200000,3,0.16505882352941176,51,0.62,False,False,0.31,42,luxury,2370910,high,,,False,False,True,True,False,2.46,
569,50,True,poor,10000,,,,1900000,1600000,2100000,comparison_thin,,15,,,,,,,,,,,,,,,high,,income_led,False,False,False,False,False,2.6,
570,50,True,poor,15000,,,,2800000,2400000,3100000,comparison_thin,,15,,,,,,,,,,,,,,,high,,income_led,False,False,False,False,False,2.68,
571,50,True,poor,25000,,,,4700000,4000000,5200000,comparison_thin,,15,,,,,,,,,,,,,,,high,,income_led,False,False,False,False,False,2.53,
572,50,True,teardown,,,,,1800000,1500000,1900000,comparison_thin,,15,,,,,,,,,,,,,,,high,,,True,False,False,False,False,2.53,
573,50,True,teardown,10000,,,,1800000,1500000,1900000,comparison_thin,,15,,,,,,,,,,,,,,,high,,,True,False,False,False,False,2.53,
574,50,True,teardown,15000,,,,1800000,1500000,1900000,comparison_thin,,15,,,,,,,,,,,,,,,high,,,True,False,False,False,False,2.84,
575,50,True,teardown,25000,,,,1800000,1500000,1900000,comparison_thin,,15,,,,,,,,,,,,,,,high,,,True,False,False,False,False,2.55,
576,,False,,,200,,,2400000,2400000,5400000,comparison_thin,True,15,cost,cost_led,2378094,5400000,3,0.16505882352941176,51,0.62,False,False,0.5,25,ordinary,2378094,high,,,False,False,True,True,False,2.38,
577,,False,,15000,200,,,2400000,2400000,5400000,comparison_thin,True,15,cost,cost_led,2378094,5400000,3,0.16505882352941176,51,0.62,False,False,0.5,25,ordinary,2378094,high,,,False,False,True,True,False,2.41,
578,,False,good,,200,,,2400000,2400000,5400000,comparison_thin,True,15,cost,cost_led,2441314,5400000,3,0.16505882352941176,51,0.62,False,False,0.56,22,ordinary,2441314,high,,,False,False,True,True,False,2.92,
579,,False,good,15000,200,,,2400000,2400000,5400000,comparison_thin,True,15,cost,cost_led,2441314,5400000,3,0.16505882352941176,51,0.62,False,False,0.56,22,ordinary,2441314,high,,,False,False,True,True,False,2.5,
580,,True,,,200,,,2700000,2700000,5400000,comparison_thin,True,15,cost,cost_led,2689405,5400000,3,0.16505882352941176,51,0.62,False,False,0.5,25,luxury,2689405,high,,,False,False,True,True,False,2.46,
581,,True,,15000,200,,,2800000,2400000,3100000,comparison_thin,,15,,,,,,,,,,,,,,,high,,income_led,False,False,False,False,False,2.48,
582,,True,good,,200,,,2800000,2800000,5400000,comparison_thin,True,15,cost,cost_led,2789982,5400000,3,0.16505882352941176,51,0.62,False,False,0.56,22,luxury,2789982,high,,,False,False,True,True,False,2.72,
583,,True,good,15000,200,,,2800000,2400000,3100000,comparison_thin,,15,,,,,,,,,,,,,,,high,,income_led,False,False,False,False,False,2.61,
584,20,False,,,200,,,2400000,2400000,5300000,comparison_thin,True,15,cost,cost_led,2378094,5300000,3,0.16505882352941176,51,0.62,False,False,0.5,25,ordinary,2378094,high,,,False,False,True,True,False,2.51,
585,20,False,,15000,200,,,2400000,2400000,5300000,comparison_thin,True,15,cost,cost_led,2378094,5300000,3,0.16505882352941176,51,0.62,False,False,0.5,25,ordinary,2378094,high,,,False,False,True,True,False,2.4,
586,20,False,good,,200,,,2400000,2400000,5300000,comparison_thin,True,15,cost,cost_led,2441314,5300000,3,0.16505882352941176,51,0.62,False,False,0.56,22,ordinary,2441314,high,,,False,False,True,True,False,2.64,
587,20,False,good,15000,200,,,2400000,2400000,5300000,comparison_thin,True,15,cost,cost_led,2441314,5300000,3,0.16505882352941176,51,0.62,False,False,0.56,22,ordinary,2441314,high,,,False,False,True,True,False,2.58,
588,20,True,,,200,,,2700000,2700000,5300000,comparison_thin,True,15,cost,cost_led,2689405,5300000,3,0.16505882352941176,51,0.62,False,False,0.5,25,luxury,2689405,high,,,False,False,True,True,False,2.58,
589,20,True,,15000,200,,,2800000,2400000,3100000,comparison_thin,,15,,,,,,,,,,,,,,,high,,income_led,False,False,False,False,False,2.54,
590,20,True,good,,200,,,2800000,2800000,5300000,comparison_thin,True,15,cost,cost_led,2789982,5300000,3,0.16505882352941176,51,0.62,False,False,0.56,22,luxury,2789982,high,,,False,False,True,True,False,2.62,
591,20,True,good,15000,200,,,2800000,2400000,3100000,comparison_thin,,15,,,,,,,,,,,,,,,high,,income_led,False,False,False,False,False,2.84,
592,40,False,,,200,,,2400000,2400000,5200000,comparison_thin,True,15,cost,cost_led,2378094,5200000,3,0.16505882352941176,51,0.62,False,False,0.5,25,ordinary,2378094,high,,,False,False,True,True,False,2.51,
593,40,False,,15000,200,,,2400000,2400000,5200000,comparison_thin,True,15,cost,cost_led,2378094,5200000,3,0.16505882352941176,51,0.62,False,False,0.5,25,ordinary,2378094,high,,,False,False,True,True,False,2.64,
594,40,False,good,,200,,,2400000,2400000,5200000,comparison_thin,True,15,cost,cost_led,2441314,5200000,3,0.16505882352941176,51,0.62,False,False,0.56,22,ordinary,2441314,high,,,False,False,True,True,False,2.62,
595,40,False,good,15000,200,,,2400000,2400000,5200000,comparison_thin,True,15,cost,cost_led,2441314,5200000,3,0.16505882352941176,51,0.62,False,False,0.56,22,ordinary,2441314,high,,,False,False,True,True,False,2.77,
596,40,True,,,200,,,2700000,2700000,5200000,comparison_thin,True,15,cost,cost_led,2689405,5200000,3,0.16505882352941176,51,0.62,False,False,0.5,25,luxury,2689405,high,,,False,False,True,True,False,2.47,
597,40,True,,15000,200,,,2800000,2400000,3100000,comparison_thin,,15,,,,,,,,,,,,,,,high,,income_led,False,False,False,False,False,2.65,
598,40,True,good,,200,,,2800000,2800000,5200000,comparison_thin,True,15,cost,cost_led,2789982,5200000,3,0.16505882352941176,51,0.62,False,False,0.56,22,luxury,2789982,high,,,False,False,True,True,False,2.49,
599,40,True,good,15000,200,,,2800000,2400000,3100000,comparison_thin,,15,,,,,,,,,,,,,,,high,,income_led,False,False,False,False,False,2.66,
600,,False,,,450,,,2400000,2400000,5400000,comparison_thin,True,15,cost,cost_led,2378094,5400000,3,0.16505882352941176,51,0.62,False,False,0.5,25,ordinary,2378094,high,,,False,False,True,True,False,2.79,
601,,False,,15000,450,,,2800000,2400000,3100000,comparison_thin,,15,,,,,,,,,,,,,,,high,,income_led,False,False,False,False,False,2.44,
602,,False,good,,450,,,2400000,2400000,5400000,comparison_thin,True,15,cost,cost_led,2441314,5400000,3,0.16505882352941176,51,0.62,False,False,0.56,22,ordinary,2441314,high,,,False,False,True,True,False,2.49,
603,,False,good,15000,450,,,2800000,2400000,3100000,comparison_thin,,15,,,,,,,,,,,,,,,high,,income_led,False,False,False,False,False,2.53,
604,,True,,,450,,,2700000,2700000,5400000,comparison_thin,True,15,cost,cost_led,2689405,5400000,3,0.16505882352941176,51,0.62,False,False,0.5,25,luxury,2689405,high,,,False,False,True,True,False,2.82,
605,,True,,15000,450,,,2800000,2400000,3100000,comparison_thin,,15,,,,,,,,,,,,,,,high,,income_led,False,False,False,False,False,2.77,
606,,True,good,,450,,,2800000,2800000,5400000,comparison_thin,True,15,cost,cost_led,2789982,5400000,3,0.16505882352941176,51,0.62,False,False,0.56,22,luxury,2789982,high,,,False,False,True,True,False,2.67,
607,,True,good,15000,450,,,2800000,2400000,3100000,comparison_thin,,15,,,,,,,,,,,,,,,high,,income_led,False,False,False,False,False,2.82,
608,20,False,,,450,,,2400000,2400000,5300000,comparison_thin,True,15,cost,cost_led,2378094,5300000,3,0.16505882352941176,51,0.62,False,False,0.5,25,ordinary,2378094,high,,,False,False,True,True,False,2.47,
609,20,False,,15000,450,,,2800000,2400000,3100000,comparison_thin,,15,,,,,,,,,,,,,,,high,,income_led,False,False,False,False,False,2.49,
610,20,False,good,,450,,,2400000,2400000,5300000,comparison_thin,True,15,cost,cost_led,2441314,5300000,3,0.16505882352941176,51,0.62,False,False,0.56,22,ordinary,2441314,high,,,False,False,True,True,False,2.5,
611,20,False,good,15000,450,,,2800000,2400000,3100000,comparison_thin,,15,,,,,,,,,,,,,,,high,,income_led,False,False,False,False,False,2.65,
612,20,True,,,450,,,2700000,2700000,5300000,comparison_thin,True,15,cost,cost_led,2689405,5300000,3,0.16505882352941176,51,0.62,False,False,0.5,25,luxury,2689405,high,,,False,False,True,True,False,2.92,
613,20,True,,15000,450,,,2800000,2400000,3100000,comparison_thin,,15,,,,,,,,,,,,,,,high,,income_led,False,False,False,False,False,2.56,
614,20,True,good,,450,,,2800000,2800000,5300000,comparison_thin,True,15,cost,cost_led,2789982,5300000,3,0.16505882352941176,51,0.62,False,False,0.56,22,luxury,2789982,high,,,False,False,True,True,False,2.77,
615,20,True,good,15000,450,,,2800000,2400000,3100000,comparison_thin,,15,,,,,,,,,,,,,,,high,,income_led,False,False,False,False,False,2.24,
616,40,False,,,450,,,2400000,2400000,5200000,comparison_thin,True,15,cost,cost_led,2378094,5200000,3,0.16505882352941176,51,0.62,False,False,0.5,25,ordinary,2378094,high,,,False,False,True,True,False,2.3,
617,40,False,,15000,450,,,2800000,2400000,3100000,comparison_thin,,15,,,,,,,,,,,,,,,high,,income_led,False,False,False,False,False,2.88,
618,40,False,good,,450,,,2400000,2400000,5200000,comparison_thin,True,15,cost,cost_led,2441314,5200000,3,0.16505882352941176,51,0.62,False,False,0.56,22,ordinary,2441314,high,,,False,False,True,True,False,2.27,
619,40,False,good,15000,450,,,2800000,2400000,3100000,comparison_thin,,15,,,,,,,,,,,,,,,high,,income_led,False,False,False,False,False,2.18,
620,40,True,,,450,,,2700000,2700000,5200000,comparison_thin,True,15,cost,cost_led,2689405,5200000,3,0.16505882352941176,51,0.62,False,False,0.5,25,luxury,2689405,high,,,False,False,True,True,False,2.53,
621,40,True,,15000,450,,,2800000,2400000,3100000,comparison_thin,,15,,,,,,,,,,,,,,,high,,income_led,False,False,False,False,False,2.18,
622,40,True,good,,450,,,2800000,2800000,5200000,comparison_thin,True,15,cost,cost_led,2789982,5200000,3,0.16505882352941176,51,0.62,False,False,0.56,22,luxury,2789982,high,,,False,False,True,True,False,2.6,
623,40,True,good,15000,450,,,2800000,2400000,3100000,comparison_thin,,15,,,,,,,,,,,,,,,high,,income_led,False,False,False,False,False,2.67,
624,,False,,,,True,,2400000,2400000,5400000,comparison_thin,True,15,cost,cost_led,2378094,5400000,3,0.16505882352941176,51,0.62,False,False,0.5,25,ordinary,2378094,high,,,False,False,True,True,False,2.61,
625,,False,,,,True,3,2600000,2600000,5900000,comparison_thin,True,15,cost,cost_led,2641511,5900000,3,0.16505882352941176,51,0.62,False,False,0.5,25,ordinary,2641511,high,,,False,False,True,True,False,2.18,
626,20,False,,,,True,,2400000,2400000,5300000,comparison_thin,True,15,cost,cost_led,2378094,5300000,3,0.16505882352941176,51,0.62,False,False,0.5,25,ordinary,2378094,high,,,False,False,True,True,False,2.26,
627,20,False,,,,True,3,2600000,2600000,5300000,comparison_thin,True,15,cost,cost_led,2641511,5300000,3,0.16505882352941176,51,0.62,False,False,0.5,25,ordinary,2641511,high,,,False,False,True,True,False,2.18,
628,,False,,,450,True,,2400000,2400000,5400000,comparison_thin,True,15,cost,cost_led,2378094,5400000,3,0.16505882352941176,51,0.62,False,False,0.5,25,ordinary,2378094,high,,,False,False,True,True,False,2.29,
629,,False,,,450,True,3,2600000,2600000,6200000,comparison_thin,True,15,cost,cost_led,2641511,6200000,3,0.16505882352941176,51,0.62,False,False,0.5,25,ordinary,2641511,high,,,False,False,True,True,False,2.57,
630,20,False,,,450,True,,2400000,2400000,5300000,comparison_thin,True,15,cost,cost_led,2378094,5300000,3,0.16505882352941176,51,0.62,False,False,0.5,25,ordinary,2378094,high,,,False,False,True,True,False,2.3,
631,20,False,,,450,True,3,2600000,2600000,5300000,comparison_thin,True,15,cost,cost_led,2641511,5300000,3,0.16505882352941176,51,0.62,False,False,0.5,25,ordinary,2641511,high,,,False,False,True,True,False,2.11,
